-- phpMyAdmin SQL Dump
-- version 5.1.3
-- https://www.phpmyadmin.net/
--
-- Host: 127.0.0.1
-- Generation Time: Aug 29, 2023 at 10:40 AM
-- Server version: 10.4.24-MariaDB
-- PHP Version: 7.4.28

SET SQL_MODE = "NO_AUTO_VALUE_ON_ZERO";
START TRANSACTION;
SET time_zone = "+00:00";


/*!40101 SET @OLD_CHARACTER_SET_CLIENT=@@CHARACTER_SET_CLIENT */;
/*!40101 SET @OLD_CHARACTER_SET_RESULTS=@@CHARACTER_SET_RESULTS */;
/*!40101 SET @OLD_COLLATION_CONNECTION=@@COLLATION_CONNECTION */;
/*!40101 SET NAMES utf8mb4 */;

--
-- Database: `main`
--

-- --------------------------------------------------------

--
-- Table structure for table `bila`
--

CREATE TABLE `bila` (
  `id` int(11) NOT NULL,
  `running` varchar(255) COLLATE utf8_unicode_ci DEFAULT NULL,
  `user_id` int(11) NOT NULL,
  `cat` varchar(255) COLLATE utf8_unicode_ci DEFAULT NULL,
  `p1` varchar(255) COLLATE utf8_unicode_ci DEFAULT NULL,
  `p2` varchar(255) COLLATE utf8_unicode_ci DEFAULT NULL,
  `date_begin` varchar(255) COLLATE utf8_unicode_ci DEFAULT NULL,
  `date_end` varchar(255) COLLATE utf8_unicode_ci DEFAULT NULL,
  `date_total` varchar(255) COLLATE utf8_unicode_ci DEFAULT NULL,
  `due` varchar(255) COLLATE utf8_unicode_ci DEFAULT NULL,
  `dateO_begin` varchar(255) COLLATE utf8_unicode_ci DEFAULT NULL,
  `dateO_end` varchar(255) COLLATE utf8_unicode_ci DEFAULT NULL,
  `dateO_total` varchar(255) COLLATE utf8_unicode_ci DEFAULT NULL,
  `address` varchar(255) COLLATE utf8_unicode_ci DEFAULT NULL,
  `t1` varchar(255) COLLATE utf8_unicode_ci DEFAULT NULL,
  `t2` varchar(255) COLLATE utf8_unicode_ci DEFAULT NULL,
  `t3` varchar(255) COLLATE utf8_unicode_ci DEFAULT NULL,
  `comment` varchar(255) COLLATE utf8_unicode_ci DEFAULT NULL,
  `file` varchar(255) COLLATE utf8_unicode_ci DEFAULT NULL,
  `po` varchar(255) COLLATE utf8_unicode_ci DEFAULT NULL,
  `bigboss` varchar(255) COLLATE utf8_unicode_ci DEFAULT NULL,
  `date_create` varchar(255) COLLATE utf8_unicode_ci DEFAULT NULL,
  `status` varchar(255) COLLATE utf8_unicode_ci DEFAULT NULL
) ENGINE=InnoDB DEFAULT CHARSET=utf8 COLLATE=utf8_unicode_ci;

--
-- Dumping data for table `bila`
--

INSERT INTO `bila` (`id`, `running`, `user_id`, `cat`, `p1`, `p2`, `date_begin`, `date_end`, `date_total`, `due`, `dateO_begin`, `dateO_end`, `dateO_total`, `address`, `t1`, `t2`, `t3`, `comment`, `file`, `po`, `bigboss`, `date_create`, `status`) VALUES
(3, NULL, 44, 'ลาพักผ่อน', '15', NULL, '2019-04-29', '2019-04-30', '1.5', NULL, NULL, NULL, NULL, '', '6.5', '1.5', '8', NULL, NULL, NULL, NULL, '2019-04-24', '1'),
(12, NULL, 12, 'ลาพักผ่อน', '17', '27', '2019-04-26', '2019-04-26', '1', NULL, NULL, NULL, NULL, '0895213842', '7.5', '1', '8.5', '', NULL, NULL, NULL, '2019-04-25', '1'),
(13, NULL, 23, 'ลาป่วย', NULL, NULL, '2019-03-29', '2019-03-29', '1', 'เป็นไข้', '2019-02-11', '2019-02-12', '2', '41 หมู่ 3 ต.นาพันสาม อ.เมือง จ.เพชรบุรี ', '3.5', '1', '4.5', '', NULL, '2', '1', '2019-04-26', '1'),
(14, NULL, 24, 'ลาป่วย', NULL, NULL, '2019-04-29', '2019-04-29', '0.5', 'ท้องเสีย', '2019-04-23', '2019-04-23', '0.5', '', '4.5', '0.5', '5', 'ลาครึ่งวันบ่าย', NULL, '2', '1', '2019-04-30', '1'),
(15, NULL, 38, 'ลาพักผ่อน', '6', '16', '2019-05-10', '2019-05-10', '1', NULL, NULL, NULL, NULL, '529/228 หมู่ 22 บ้านแก่นทองธานี ซ.12 ตำบลบ้านเป็ด อ.เมือง จ.ขอนแก่น 40000', '9', '1', '10', '', NULL, '2', '1', '2019-04-30', '1'),
(16, NULL, 12, 'ลาพักผ่อน', '17', '27', '2019-05-10', '2019-05-10', '1', NULL, NULL, NULL, NULL, '0895213842', '8.5', '1', '9.5', '', NULL, '2', '1', '2019-05-01', '1'),
(17, NULL, 23, 'ลาพักผ่อน', '0', '10', '2019-03-01', '2019-03-01', '1', NULL, NULL, NULL, NULL, '41 หมู่ 3 ต.นาพันสาม อ.เมือง จ.เพชรบุรี ', '6', '1', '7', '', NULL, '', '', '2019-08-19', '1'),
(18, NULL, 23, 'ลาพักผ่อน', '0', '10', '2019-03-14', '2019-03-15', '2', NULL, NULL, NULL, NULL, '41 หมู่ 3 ต.นาพันสาม อ.เมือง จ.เพชรบุรี ', '7', '2', '9', '', NULL, '', '', '2019-08-20', '1'),
(19, NULL, 42, 'ลาป่วย', NULL, NULL, '2019-05-10', '2019-05-10', '1', 'ปวดฟัน', '2019-02-18', '2019-02-18', '1', '', '2', '1', '3', '', NULL, '', '3', '2019-05-13', '1'),
(20, NULL, 24, 'ลาป่วย', NULL, NULL, '2019-05-10', '2019-05-13', '1.5', 'ไข้หวัด', '2019-04-29', '2019-04-29', '0.5', '', '5', '1.5', '6.5', '', NULL, '', '', '2019-05-14', '1'),
(21, NULL, 16, 'ลาป่วย', NULL, NULL, '2019-05-13', '2019-05-13', '1', 'ปวดท้อง', '2019-04-17', '2019-04-17', '1', '17/16 หมู่ที่ 1 ต.คลองวาฬ อ.เมือง จ.ประจวบฯ', '5.5', '1', '6.5', '', NULL, '2', '3', '2019-05-14', '1'),
(22, NULL, 35, 'ลาป่วย', NULL, NULL, '2019-05-13', '2019-05-13', '1', 'ปวดศีรษะ', '2019-03-29', '2019-03-29', '1', '711 ม.7 ต.กุยบุรี จ.ประจวบฯ ', '5.5', '1', '6.5', '', NULL, '2', '3', '2019-05-15', '1'),
(23, NULL, 18, 'ลาพักผ่อน', '0', '10', '2019-05-21', '2019-05-21', '1', NULL, NULL, NULL, NULL, '17/131 ถนนสะเกษ ตำบลบ่อยาง อำเภอเมือง จังหวัดสงขลา', '8', '1', '9', '', NULL, '2', '3', '2019-05-14', '1'),
(25, NULL, 39, 'ลาพักผ่อน', '0', '10', '2019-05-21', '2019-05-21', '1', NULL, NULL, NULL, NULL, '160/169 หมู่ 2 ถนน ชาตะผดุง ตำบล ในเมือง อำเภอเมือง จ.ขอนแก่น', '8.5', '1', '9.5', '', NULL, '', '', '2019-05-17', '1'),
(26, NULL, 23, 'ลาป่วย', NULL, NULL, '2019-05-21', '2019-05-21', '1', 'ปวดศีรษะ', '2019-03-29', '2019-03-29', '1', '41 หมู่ 3 ต.นาพันสาม อ.เมือง จ.เพชรบุรี ', '4.5', '1', '5.5', '', NULL, '2', '1', '2019-05-22', '1'),
(27, NULL, 42, 'ลาพักผ่อน', '19', '29', '2019-06-07', '2019-06-07', '1', NULL, NULL, NULL, NULL, '', '5', '1', '6', '', NULL, '', '1', '2019-05-22', '1'),
(28, NULL, 35, 'ลาป่วย', NULL, NULL, '2019-05-22', '2019-05-22', '1', 'ปวดศีรษะ', '2019-05-13', '2019-05-13', '1', '711 ม.7 ต.กุยบุรี จ.ประจวบฯ ', '6.5', '1', '7.5', '', NULL, '2', '1', '2019-05-23', '1'),
(29, NULL, 23, 'ลาป่วย', NULL, NULL, '2019-06-06', '2019-06-06', '1', 'หัวศีรษะ', '2019-05-21', '2019-05-21', '1', '41 หมู่ 3 ต.นาพันสาม อ.เมือง จ.เพชรบุรี ', '5.5', '1', '6.5', '', NULL, '', '3', '2019-06-07', '1'),
(30, NULL, 18, 'ลาพักผ่อน', '0', '10', '2019-06-11', '2019-06-11', '1', NULL, NULL, NULL, NULL, '', '9', '1', '10', '', NULL, '2', '1', '2019-06-10', '1'),
(31, NULL, 38, 'ลาป่วย', NULL, NULL, '2019-05-10', '2019-05-10', '0.5', 'ปวดศีรษะ วิงเวียน', '2019-04-22', '2019-04-22', '0.5', '529/228 หมู่ 22 บ้านแก่นทองธานี ซ.12 ตำบลบ้านเป็ด อ.เมือง จ.ขอนแก่น 40000', '3.5', '0.5', '4', '', NULL, '', '', '2019-06-11', '1'),
(32, NULL, 16, 'ลาป่วย', NULL, NULL, '2019-06-10', '2019-06-10', '1', 'อาหารเป็นพิษ', '2019-05-13', '2019-05-13', '1', '', '6.5', '1', '7.5', '', NULL, '', '1', '2019-06-11', '1'),
(33, NULL, 23, 'ลาป่วย', NULL, NULL, '2019-06-11', '2019-06-11', '1', 'ปวดศรีษะ', '2019-06-06', '2019-06-06', '1', '41 หมู่ 3 ต.นาพันสาม อ.เมือง จ.เพชรบุรี ', '6.5', '1', '7.5', '', NULL, '', '3', '2019-11-18', '1'),
(34, NULL, 22, 'ลาป่วย', NULL, NULL, '2019-06-12', '2019-06-12', '1', 'ปวดท้อง', '2019-06-07', '2019-06-07', '1', '', '11', '1', '12', '', NULL, '2', '1', '2019-06-13', '1'),
(35, NULL, 44, 'ลาพักผ่อน', '15', '25', '2019-06-24', '2019-06-24', '1', NULL, NULL, NULL, NULL, '086 2787972', '8', '1', '9', '', NULL, '2', '1', '2019-06-21', '1'),
(1561343526, NULL, 39, 'ลาป่วย', NULL, NULL, '2019-06-20', '2019-06-21', '2', 'เป็นไข้หวัด', '2018-12-25', '2018-12-26', '2', '160/169 หมู่ 2 ถนน ชาตะผดุง ตำบล ในเมือง อำเภอเมือง จ.ขอนแก่น', '5', '2', '7', '', NULL, '2', '1', '2019-08-10', '1'),
(1561534958, NULL, 24, 'ลาป่วย', NULL, NULL, '2019-06-25', '2019-06-25', '0.5', 'ท้องเสีย', '2019-05-10', '2019-05-13', '1.5', '', '6.5', '0.5', '7', '', NULL, '2', '1', '2019-06-26', '1'),
(1561535089, NULL, 22, 'ลาป่วย', NULL, NULL, '2019-06-25', '2019-06-25', '0.5', 'ท้องเสีย', '2019-06-12', '2019-06-12', '1', '', '12', '0.5', '12.5', '', NULL, '2', '1', '2019-06-26', '1'),
(1561952577, NULL, 41, 'ลาพักผ่อน', '0', '10', '2019-07-15', '2019-07-15', '1', NULL, NULL, NULL, NULL, '089-0058211', '7', '1', '8', '', NULL, '2', '1', '2019-07-01', '1'),
(1561952963, NULL, 36, 'ลาพักผ่อน', '6', '16', '2019-07-18', '2019-07-19', '2', NULL, NULL, NULL, NULL, '088-7687703', '5', '2', '7', '', NULL, '2', '3', '2019-09-16', '1'),
(1562124750, NULL, 41, 'ลาพักผ่อน', '0', '10', '2019-07-05', '2019-07-05', '1', NULL, NULL, NULL, NULL, '089-0058211', '8', '1', '9', '', NULL, '2', '1', '2019-07-03', '1'),
(1562125617, NULL, 38, 'ลาพักผ่อน', '6', '16', '2019-07-15', '2019-07-15', '1', NULL, NULL, NULL, NULL, '529/228 หมู่ 22 บ้านแก่นทองธานี ซ.12 ตำบลบ้านเป็ด อ.เมือง จ.ขอนแก่น 40000', '10', '1', '11', '', NULL, '2', '1', '2019-07-03', '1'),
(1562140714, NULL, 13, 'ลาพักผ่อน', '8', '18', '2019-07-15', '2019-07-15', '1', NULL, NULL, NULL, NULL, '086 7526064', '3.5', '1', '4.5', '', NULL, '2', '1', '2019-07-03', '1'),
(1562565445, NULL, 21, 'ลาป่วย', NULL, NULL, '2019-07-08', '2019-07-08', '0.5', 'ปวดท้อง', '2019-05-07', '2019-05-07', '1', '', '1.5', '0.5', '2', '', NULL, '2', '1', '2019-07-08', '1'),
(1562636890, NULL, 15, 'ลาพักผ่อน', '12.5', '22.5', '2019-07-15', '2019-07-15', '1', NULL, NULL, NULL, NULL, 'โทร 086 269 9405 ', '10', '1', '11', '', NULL, '2', '1', '2019-07-09', '1'),
(1562637202, NULL, 19, 'ลาพักผ่อน', '6', '16', '2019-07-18', '2019-07-19', '2', NULL, NULL, NULL, NULL, '094-9159694', '5', '2', '7', '', NULL, '2', '1', '2019-07-09', '1'),
(1562637236, NULL, 22, 'ลาป่วย', NULL, NULL, '2019-07-08', '2019-07-08', '1', 'ปวดศีรษะ', '2019-06-12', '2019-06-12', '1', 'โทร. 084 412 4141', '12.5', '1', '13.5', '', NULL, '2', '1', '2019-07-09', '1'),
(1562638282, NULL, 35, 'ลาป่วย', NULL, NULL, '2019-07-08', '2019-07-08', '1', 'เป็นลมพิษ', '2019-05-22', '2019-05-22', '1', '711 ม.7 ต.กุยบุรี จ.ประจวบฯ ', '7.5', '1', '8.5', '', NULL, '2', '1', '2019-07-09', '1'),
(1562641494, NULL, 9, 'ลาป่วย', NULL, NULL, '2019-07-08', '2019-07-08', '0.5', 'ปวดศีรษะ', '2019-01-10', '2019-01-11', '2', '', '3.5', '0.5', '4', '', NULL, '2', '1', '2019-07-09', '1'),
(1563158061, NULL, 35, 'ลาป่วย', NULL, NULL, '2019-07-12', '2019-07-12', '1', 'ลมพิษ', '2019-07-08', '2019-07-08', '1', '711 ม.7 ต.กุยบุรี จ.ประจวบฯ ', '8.5', '1', '9.5', '', NULL, '2', '1', '2019-07-15', '1'),
(1563414929, NULL, 44, 'ลาพักผ่อน', '15', '25', '2019-07-22', '2019-07-22', '1', NULL, NULL, NULL, NULL, '', '9', '1', '10', '', NULL, '4', '1', '2019-07-18', '1'),
(1563501590, NULL, 22, 'ลาป่วย', NULL, NULL, '2019-07-18', '2019-07-18', '1', 'ปวดศีรษะ', '2019-07-08', '2019-07-08', '1', 'โทร 0844124141', '13.5', '1', '14.5', '', NULL, '4', '1', '2019-07-19', '1'),
(1563760350, NULL, 39, 'ลาป่วย', NULL, NULL, '2019-07-18', '2019-07-19', '2', 'ปวดศีรษะ เป็นไข้หวัด', '2019-06-20', '2019-06-21', '2', '160/169 หมู่ 2 ถนน ชาตะผดุง ตำบล ในเมือง อำเภอเมือง จ.ขอนแก่น', '7', '2', '9', '', NULL, '2', '1', '2019-07-22', '1'),
(1563849212, NULL, 22, 'ลาพักผ่อน', '4.5', '14.5', '2019-07-23', '2019-07-23', '0.5', NULL, NULL, NULL, NULL, 'โทร 0844124141', '4', '0.5', '4.5', 'ลาช่วงบ่าย', NULL, '2', '1', '2019-07-23', '1'),
(1563850004, NULL, 16, 'ลาพักผ่อน', '20', '30', '2019-07-25', '2019-07-25', '1', NULL, NULL, NULL, NULL, '08 6886 2701', '8', '1', '9', '', NULL, '2', '1', '2019-07-23', '1'),
(1564554270, NULL, 21, 'ลาพักผ่อน', '10', '20', '2019-08-02', '2019-08-02', '1', NULL, NULL, NULL, NULL, '', '3', '1', '4', '', NULL, '5', '6', '2019-07-31', '1'),
(1564968507, NULL, 44, 'ลาพักผ่อน', '15', '25', '2019-08-09', '2019-08-13', '2', NULL, NULL, NULL, NULL, '', '10', '2', '12', 'ลาตั้งแต่วันที่ 9 - 13 สิงหาคม 2562 คิดเป็น 2 วันทำการ', NULL, '2', '1', '2019-08-05', '1'),
(1565162124, NULL, 22, 'ลาพักผ่อน', '4.5', '14.5', '2019-08-08', '2019-08-08', '1', NULL, NULL, NULL, NULL, 'โทร 0844124141', '4.5', '1', '5.5', '', NULL, '', '1', '2019-08-07', '1'),
(1565316108, NULL, 24, 'ลาป่วย', NULL, NULL, '2019-08-08', '2019-08-08', '0.5', 'ท้องเสีย', '2019-06-25', '2019-06-25', '0.5', '', '7', '0.5', '7.5', '', NULL, '', '6', '2019-08-09', '1'),
(1565747973, NULL, 44, 'ลาป่วย', NULL, NULL, '2019-08-08', '2019-08-08', '1', 'ปวดหัว เป็นไข้', '2019-01-15', '2019-01-15', '1', '', '2', '1', '3', '', NULL, '4', '6', '2019-08-14', '1'),
(1565770020, NULL, 35, 'ลาพักผ่อน', '2', '12', '2019-08-15', '2019-08-15', '1', NULL, NULL, NULL, NULL, '711 ม.7 ต.กุยบุรี จ.ประจวบฯ ', '7', '1', '8', '', '1883e726c8c72161a9ee23bd0f8ade95.jpeg', '4', '6', '2019-08-14', '1'),
(1566179283, NULL, 39, 'ลาป่วย', NULL, NULL, '2019-08-15', '2019-08-16', '2', 'เป็นไข้หวัด', '2019-07-18', '2019-07-19', '2', '160/169 หมู่ 2 ถนน ชาตะผดุง ตำบล ในเมือง อำเภอเมือง จ.ขอนแก่น', '9', '2', '11', '', NULL, '2', '1', '2019-08-19', '1'),
(1566181233, NULL, 16, 'ลาพักผ่อน', '20', '30', '2019-08-21', '2019-08-21', '1', NULL, NULL, NULL, NULL, '08 6886 2701', '9', '1', '10', '', NULL, '2', '1', '2019-08-19', '1'),
(1566187435, NULL, 38, 'ลาพักผ่อน', '6', '16', '2019-08-26', '2019-08-27', '2', NULL, NULL, NULL, NULL, '529/228 หมู่ 22 บ้านแก่นทองธานี ซ.12 ตำบลบ้านเป็ด อ.เมือง จ.ขอนแก่น 40000', '11', '2', '13', '', NULL, '2', '1', '2019-08-20', '1'),
(1566266629, NULL, 22, 'ลาป่วย', NULL, NULL, '2019-08-19', '2019-08-19', '1', 'ปวดฟัน', '2019-07-18', '2019-07-18', '1', 'โทร 0844124141', '14.5', '1', '15.5', '', NULL, '2', '1', '2019-08-20', '1'),
(1566362227, NULL, 19, 'ลาพักผ่อน', '6', '16', '2019-08-23', '2019-08-23', '0.5', NULL, NULL, NULL, NULL, '183  หมู่บ้านหญ้าแก้ว  ตำบลประจวบฯ  อำเภอเมือง  จังหวัดประจวบคีรีขันธ์', '7', '0.5', '7.5', '', NULL, '2', '1', '2019-08-21', '1'),
(1566373986, NULL, 9, 'ลาพักผ่อน', '19', '29', '2019-08-26', '2019-08-26', '1', NULL, NULL, NULL, NULL, '', '7.5', '1', '8.5', 'งานในหน้าที่มอบหมายให้ นางสาววาสินี กมลกุล ปฏิบัติหน้าที่แทน', NULL, '2', '1', '2019-08-22', '1'),
(1566540552, NULL, 14, 'ลาพักผ่อน', '10', '20', '2019-08-26', '2019-08-26', '1', NULL, NULL, NULL, NULL, '', '4', '1', '5', '', NULL, '2', '1', '2019-08-23', '1'),
(1566871772, NULL, 16, 'ลาป่วย', NULL, NULL, '2019-08-26', '2019-08-26', '1', 'ปวดศศรีษะ', '2019-06-10', '2019-06-10', '1', '-', '7.5', '1', '8.5', '', NULL, '2', '1', '2019-08-27', '1'),
(1566871773, NULL, 14, 'ไปราชการ', NULL, NULL, '2019-08-27', '2019-08-28', '2', NULL, NULL, NULL, NULL, NULL, '99', NULL, NULL, '', NULL, NULL, NULL, '2019-08-27 22:51:19', '1'),
(1566871774, NULL, 42, 'ไปราชการ', NULL, NULL, '2019-09-12', '2019-09-13', '2', NULL, NULL, NULL, NULL, NULL, '99', NULL, NULL, 'อกบศ', NULL, NULL, NULL, '2019-09-06 16:27:56', '1'),
(1567043415, NULL, 12, 'ลาพักผ่อน', '17', '27', '2019-08-30', '2019-08-30', '0.5', NULL, NULL, NULL, NULL, '-', '9.5', '0.5', '10', 'ครึ่งวันบ่าย', NULL, '2', '1', '2019-08-29', '1'),
(1567046412, NULL, 35, 'ลาป่วย', NULL, NULL, '2019-08-28', '2019-08-28', '1', 'ปวดท้อง', '2019-07-12', '2019-07-12', '1', '711 ม.7 ต.กุยบุรี จ.ประจวบฯ ', '9.5', '1', '10.5', '', NULL, '2', '1', '2019-08-29', '1'),
(1567131860, NULL, 19, 'ลาป่วย', NULL, NULL, '2019-08-29', '2019-08-29', '1', 'ไปพบหมอรักษาตาที่โรงพยาบาล', '2018-12-17', '2018-12-18', '2', '183  หมู่บ้านหญ้าแก้ว  ตำบลประจวบฯ  อำเภอเมือง  จังหวัดประจวบคีรีขันธ์', '2', '1', '3', '', NULL, '2', '1', '2019-08-30', '1'),
(1567137405, NULL, 22, 'ลาพักผ่อน', '4.5', '14.5', '2019-08-30', '2019-08-30', '0.5', NULL, NULL, NULL, NULL, '', '5.5', '0.5', '6', 'ลาครึ่งวันบ่าย', NULL, '2', '1', '2019-08-30', '1'),
(1567399930, NULL, 9, 'ลาป่วย', NULL, NULL, '2019-09-02', '2019-09-02', '0.5', 'ปวดศีรษะ', '2019-07-08', '2019-07-08', '0.5', '-', '4', '0.5', '4.5', '', NULL, '2', '1', '2019-09-26', '1'),
(1567474802, NULL, 22, 'ลาป่วย', NULL, NULL, '2019-09-02', '2019-09-02', '1', 'เป็นไข้หวัด', '2019-08-19', '2019-08-19', '1', '-', '15.5', '1', '16.5', '', NULL, '2', '1', '2019-09-03', '1'),
(1567475108, NULL, 12, 'ลาป่วย', NULL, NULL, '2019-09-02', '2019-09-02', '1', 'ปวดศีรษะ เป็นไข้', '2018-11-22', '2018-11-22', '1', '-', '1', '1', '2', '', NULL, '2', '1', '2019-09-03', '1'),
(1567475109, NULL, 12, 'ไปราชการ', NULL, NULL, '2019-09-09', '2019-09-11', '2.5', NULL, NULL, NULL, NULL, NULL, '99', NULL, NULL, 'วันที่ 9 ก.ย.62 ครึ่งวัน (อบรม)', NULL, NULL, NULL, '2019-09-06 16:28:23', '1'),
(1567475110, NULL, 13, 'ไปราชการ', NULL, NULL, '2019-09-09', '2019-09-11', '2.5', NULL, NULL, NULL, NULL, NULL, '99', NULL, NULL, 'วันที่ 9 ก.ย.62 ครึ่งวัน อบรม', NULL, NULL, NULL, '2019-09-06 16:27:38', '1'),
(1567475111, NULL, 42, 'ไปราชการ', NULL, NULL, '2019-09-04', '2019-09-06', '3', NULL, NULL, NULL, NULL, NULL, '99', NULL, NULL, 'อบรม', NULL, NULL, NULL, '2019-09-06 16:27:22', '1'),
(1567992720, NULL, 44, 'ลาพักผ่อน', '15', '25', '2019-09-16', '2019-09-17', '2', NULL, NULL, NULL, NULL, '-', '12', '2', '14', '', NULL, '2', '1', '2019-09-09', '1'),
(1568086521, NULL, 14, 'ลาพักผ่อน', '10', '20', '2019-09-16', '2019-09-18', '3', NULL, NULL, NULL, NULL, '-', '5', '3', '8', '', NULL, '2', '1', '2019-09-10', '1'),
(1568087739, NULL, 39, 'ลากิจส่วนตัว', NULL, NULL, '2019-09-12', '2019-09-13', '2', 'ไปทำธุระส่วนตัวที่ต่างจังหวัด', '2019-08-15', '2019-08-16', '2', '58  หมู่ 2 ตำบลพันนา อำเภอสว่างแดนดิน จังหวัดสกลนคร', '3', '2', '5', '', NULL, '2', '1', '2019-09-10', '1'),
(1568169188, NULL, 19, 'ลาพักผ่อน', '6', '16', '2019-09-16', '2019-09-16', '0.5', NULL, NULL, NULL, NULL, '183  หมู่บ้านหญ้าแก้ว  ตำบลประจวบฯ  อำเภอเมือง  จังหวัดประจวบคีรีขันธ์', '7.5', '0.5', '8', '', NULL, '2', '1', '2019-09-11', '1'),
(1568342946, '62167', 16, 'ลาป่วย', NULL, NULL, '2019-09-12', '2019-09-12', '1', 'เป็นไข้หวัด', '2019-08-26', '2019-08-26', '1', '-', '8.5', '1', '9.5', '', NULL, '4', '6', '2019-09-13', '1'),
(1568342947, '62168', 41, 'ลาพักผ่อน', '0', '10', '2019-09-19', '2019-09-19', '1', NULL, '', '', '', NULL, '9', '1', '10', NULL, NULL, NULL, NULL, '2019-09-16', '1'),
(1568601137, '62170', 49, 'ลาป่วย', NULL, NULL, '2019-09-13', '2019-09-13', '1', 'มีไข้หวัด', '', '', '', '193/12 ม.1 ถ.บางกรวย-ไทรน้อย ต.บางรักพัฒนา อ.บางบัวทอง จ.นนทบุรี 11110', '0', '1', '1', '', NULL, '2', '3', '2019-09-16', '1'),
(1568601794, '62171', 36, 'ลาพักผ่อน', '6', '16', '2019-09-20', '2019-09-20', '1', NULL, NULL, NULL, NULL, '2/1 หมู่4 ต.นาทุ่ง อ.เมือง จ.ชุมพร', '7', '1', '8', '', NULL, '', '', '2019-09-16', '1'),
(1568608483, '62172', 9, 'ลาพักผ่อน', '19', '29', '2019-09-20', '2019-09-20', '1', NULL, NULL, NULL, NULL, '-', '8.5', '1', '9.5', '', NULL, '2', '3', '2019-09-16', '1'),
(1568693260, '62173', 22, 'ลาพักผ่อน', '4.5', '14.5', '2019-09-18', '2019-09-18', '1', NULL, NULL, NULL, NULL, '', '6', '1', '7', '', NULL, '2', '3', '2019-09-17', '1'),
(1569200439, '62174', 38, 'ลาพักผ่อน', '6', '16', '2019-09-25', '2019-09-27', '3', NULL, NULL, NULL, NULL, '529/228 หมู่ 22 บ้านแก่นทองธานี ซ.12 ตำบลบ้านเป็ด อ.เมือง จ.ขอนแก่น 40000', '13', '3', '16', '', NULL, '2', '1', '2019-09-23', '1'),
(1569200440, NULL, 39, 'ไปราชการ', NULL, NULL, '2019-09-16', '2019-09-20', '5', NULL, NULL, NULL, NULL, NULL, '99', NULL, NULL, 'ไปราชการ อบรม', NULL, NULL, NULL, '2019-09-23 10:32:29', '1'),
(1569210954, '62175', 15, 'ลาพักผ่อน', '12.5', '22.5', '2019-09-30', '2019-09-30', '1', NULL, NULL, NULL, NULL, '-', '11', '1', '12', '', NULL, '2', '1', '2019-09-23', '1'),
(1569220027, '62176', 44, 'ลาพักผ่อน', '15', '25', '2019-09-30', '2019-09-30', '1', NULL, NULL, NULL, NULL, '-', '14', '1', '15', '', NULL, '2', '1', '2019-09-23', '1'),
(1569293062, '62177', 49, 'ลาป่วย', NULL, NULL, '2019-09-23', '2019-09-23', '1', 'เข้ารับการตรวจรักษาต่อเนื่องที่คลินิก หู  คอ จมูก โรงพยาบาลประจวบคีรีขันธ์ เพื่อหาสาเหตุความดันโลหิตสูง', '2019-09-13', '2019-09-13', '1', '193/12 ม.1 ถ.บางกรวย-ไทรน้อย ต.บางรักพัฒนา อ.บางบัวทอง จ.นนทบุรี 11110', '1', '1', '2', '', NULL, '2', '1', '2019-09-24', '1'),
(1569372068, '62178', 24, 'ลาป่วย', NULL, NULL, '2019-09-24', '2019-09-24', '0.5', 'ไข้หวัด', '2019-08-08', '2019-08-08', '0.5', '-', '7.5', '0.5', '8', '', NULL, '', '', '2019-09-25', '1'),
(1569379214, '62179', 16, 'ลาพักผ่อน', '20', '30', '2019-09-27', '2019-09-27', '1', NULL, NULL, NULL, NULL, '-', '10', '1', '11', '', NULL, '2', '1', '2019-09-25', '1'),
(1569387646, '62180', 36, 'ลาป่วย', NULL, NULL, '2019-09-25', '2019-09-25', '0.5', 'ปวดศีรษะ', '2019-06-17', '2019-06-17', '1', '', '1', '0.5', '1.5', '', NULL, '2', '1', '2019-09-25', '1'),
(1569393221, '62181', 21, 'ลาป่วย', NULL, NULL, '2019-09-24', '2019-09-24', '1', 'ปวดศีรษะ', '2019-07-08', '2019-07-08', '0.5', '-', '2', '1', '3', '', NULL, '2', '1', '2019-09-25', '1'),
(1569401595, '62182', 35, 'ลาพักผ่อน', '2', '12', '2019-09-26', '2019-09-27', '2', NULL, NULL, NULL, NULL, '711 ม.7 ต.กุยบุรี จ.ประจวบฯ ', '8', '2', '10', 'ไปต่างจังหวัด', NULL, '2', '1', '2019-09-25', '1'),
(1569465742, '62183', 20, 'ลาป่วย', NULL, NULL, '2019-09-25', '2019-09-25', '1', 'ปวดท้อง', '2019-02-15', '2019-02-18', '2', '173  ถนนเลียบทางรถไฟ-คลองวาฬ อำเภอเมือง จังหวัดประจวบคีรีขันธ์', '3', '1', '4', '', NULL, '', '', '2019-09-26', '1'),
(1569550346, '62184', 24, 'ลาป่วย', NULL, NULL, '2019-09-26', '2019-09-26', '0.5', 'ท้องเสีย', '2019-09-24', '2019-09-24', '0.5', '-', '8', '0.5', '8.5', '', NULL, '', '', '2019-09-27', '1'),
(1569803568, '62185', 24, 'ลาป่วย', NULL, NULL, '2019-09-27', '2019-09-27', '0.5', 'ท้องเสีย', '2019-09-26', '2019-09-26', '0.5', '-', '8.5', '0.5', '9', '', NULL, '', '', '2019-09-30', '1'),
(1569803569, NULL, 42, 'ไปราชการ', NULL, NULL, '2019-09-30', '2019-09-30', '1', NULL, NULL, NULL, NULL, NULL, '99', NULL, NULL, 'เดินทาง', NULL, NULL, NULL, '2019-10-01 10:06:44', NULL),
(1569803570, NULL, 41, 'ไปราชการ', NULL, NULL, '2019-09-30', '2019-09-30', '0.5', NULL, NULL, NULL, NULL, NULL, '99', NULL, NULL, 'เดินทาง ครึ่งวันบ่าย', NULL, NULL, NULL, '2019-10-01 10:07:26', NULL),
(1570067462, '62186', 16, 'ลาป่วย', NULL, NULL, '2019-10-02', '2019-10-02', '1', 'อาหารเป็นพิษ(ถ่ายท้อง)', '2019-09-12', '2019-09-12', '1', '-', '0', '1', '1', '', NULL, '7', '1', '2019-10-03', '1'),
(1570067616, '62187', 24, 'ลาพักผ่อน', '5', '15', '2019-10-03', '2019-10-03', '0.5', NULL, NULL, NULL, NULL, '-', '0', '0.5', '0.5', '', NULL, '7', '1', '2019-10-03', '1'),
(1570068744, '62188', 13, 'ลาพักผ่อน', '10', '20', '2019-10-03', '2019-10-03', '.5', NULL, NULL, NULL, NULL, '', '0', '.5', '0.5', 'ไปช่วยงานศพ (ลาครึ่งวันช่วงบ่าย)', 'c75580b660890568bf824061f8cba0e6.jpg', '7', '1', '2019-10-03', '1'),
(1570154141, '62189', 21, 'ลาป่วย', NULL, NULL, '2019-10-03', '2019-10-03', '1', 'กระเพาะปัสสาวะอักเสบ', '', '', '0', '', '0', '1', '1', '', NULL, '7', '1', '2019-10-04', '1'),
(1570155168, '62190', 19, 'ลาพักผ่อน', '8', '18', '2019-10-07', '2019-10-07', '0.5', NULL, NULL, NULL, NULL, '183  หมู่บ้านหญ้าแก้ว  ตำบลประจวบฯ  อำเภอเมือง  จังหวัดประจวบคีรีขันธ์', '0', '0.5', '0.5', 'ครึงวันเช้า', NULL, '7', '1', '2019-10-04', '1'),
(1570499829, '62191', 19, 'ลาพักผ่อน', '8', '18', '2019-10-15', '2019-10-15', '1', NULL, NULL, NULL, NULL, '183  หมู่บ้านหญ้าแก้ว  ตำบลประจวบฯ  อำเภอเมือง  จังหวัดประจวบคีรีขันธ์', '0.5', '1', '1.5', '', NULL, '7', '1', '2019-10-08', '1'),
(1570501045, '62192', 20, 'ลาพักผ่อน', '10', '20', '2019-10-11', '2019-10-11', '1', NULL, NULL, NULL, NULL, '173  ถนนเลียบทางรถไฟ-คลองวาฬ อำเภอเมือง จังหวัดประจวบคีรีขันธ์', '0', '1', '1', 'เนื่องจากพาบุตรชายไปรักษาโรคหัวใจที่โรงพยาบาลจุฬาลงกรณ์', NULL, '7', '1', '2019-10-08', '1'),
(1570515388, '62193', 36, 'ลาพักผ่อน', '6', '16', '2019-10-11', '2019-10-11', '1', NULL, NULL, NULL, NULL, '2/1 หมู่ 4 ต.นาทุ่ง อ.เมือง จ.ชุมพร ', '0', '1', '1', '', NULL, '7', '1', '2019-10-08', '1'),
(1570515389, NULL, 1569480008, 'ไปราชการ', NULL, NULL, '2019-10-09', '2019-10-09', '1', NULL, NULL, NULL, NULL, NULL, '99', NULL, NULL, 'all for one', NULL, NULL, NULL, '2019-10-09 11:40:33', '1'),
(1570515390, NULL, 45, 'ไปราชการ', NULL, NULL, '2019-10-09', '2019-10-09', '1', NULL, NULL, NULL, NULL, NULL, '99', NULL, NULL, 'All for One', NULL, NULL, NULL, '2019-10-09 11:41:11', '1'),
(1570515391, NULL, 22, 'ไปราชการ', NULL, NULL, '2019-10-09', '2019-10-09', '1', NULL, NULL, NULL, NULL, NULL, '99', NULL, NULL, 'All For One', NULL, NULL, NULL, '2019-10-09 11:41:49', '1'),
(1570671130, '62194', 18, 'ลาพักผ่อน', '0', '10', '2019-10-11', '2019-10-11', '1', NULL, NULL, NULL, NULL, '17/131 ถนนสะเกษ ตำบลบ่อยาง อำเภอเมือง จังหวัดสงขลา', '0', '1', '1', 'กลับบ้านต่างจังหวัด', NULL, '7', '1', '2019-10-10', '1'),
(1570672273, '62195', 23, 'ลาพักผ่อน', '01', '11', '2019-10-11', '2019-10-11', '1', NULL, NULL, NULL, NULL, '41 หมู่ 3 ต.นาพันสาม อ.เมือง จ.เพชรบุรี ', '0', '1', '1', '', NULL, '7', '1', '2019-10-10', '1'),
(1570674733, '62196', 38, 'ลาพักผ่อน', '0', '10', '2019-10-24', '2019-10-25', '2', NULL, NULL, NULL, NULL, '529/228 หมู่ 22 บ้านแก่นทองธานี ซ.12 ตำบลบ้านเป็ด อ.เมือง จ.ขอนแก่น 40000', '0', '2', '2', '', NULL, '7', '1', '2019-10-10', '1'),
(1570674734, NULL, 1569480008, 'ไปราชการ', NULL, NULL, '2019-10-24', '2019-10-24', '1', NULL, NULL, NULL, NULL, NULL, '99', NULL, NULL, '', NULL, NULL, NULL, '2019-10-10 09:51:35', '1'),
(1570674735, NULL, 39, 'ไปราชการ', NULL, NULL, '2019-10-24', '2019-10-24', '1', NULL, NULL, NULL, NULL, NULL, '99', NULL, NULL, '', NULL, NULL, NULL, '2019-10-10 09:52:25', '1'),
(1570674736, NULL, 23, 'ไปราชการ', NULL, NULL, '2019-10-24', '2019-10-24', '1', NULL, NULL, NULL, NULL, NULL, '99', NULL, NULL, '', NULL, NULL, NULL, '2019-10-10 09:52:48', '1'),
(1571105524, '62197', 22, 'ลาป่วย', NULL, NULL, '2019-10-11', '2019-10-11', '1', 'ท้องเสีย', '2019-09-02', '2019-09-02', '1', '-', '0', '1', '1', '', NULL, '7', '1', '2019-10-15', '1'),
(1571291654, '62198', 36, 'ลาป่วย', NULL, NULL, '2019-10-16', '2019-10-16', '1', 'ปวดท้อง', '2019-09-25', '2019-09-25', '0.5', '', '0', '1', '1', '', NULL, '7', '1', '2019-10-17', '1'),
(1571291655, NULL, 22, 'ไปราชการ', NULL, NULL, '2019-10-24', '2019-10-24', '1', NULL, NULL, NULL, NULL, NULL, '99', NULL, NULL, '', NULL, NULL, NULL, '2019-10-23 21:59:21', '1'),
(1571967833, '62199', 44, 'ลาป่วย', NULL, NULL, '2019-10-24', '2019-10-24', '1', 'ปวดหัว เป็นไข้', '', '', '', '-', '0', '1', '1', '', NULL, '7', '1', '2019-10-25', '1'),
(1572409630, '62200', 39, 'ลาป่วย', NULL, NULL, '2019-10-28', '2019-10-29', '2', 'เป็นไข้หวัด', '2019-07-18', '2019-07-19', '2', '160/169 หมู่ 2 ถนน ชาตะผดุง ตำบล ในเมือง อำเภอเมือง จ.ขอนแก่น', '0', '2', '2', '', NULL, '7', '1', '2019-10-30', '1'),
(1572488292, '62201', 16, 'ลาป่วย', NULL, NULL, '2019-10-30', '2019-10-30', '1', '', '2019-10-02', '2019-10-02', '1', '-', '1', '1', '2', '', NULL, '7', '1', '2019-10-31', '1'),
(1572503748, '62202', 21, 'ลาพักผ่อน', '10', '20', '2019-11-01', '2019-11-01', '1', NULL, NULL, NULL, NULL, '', '0', '1', '1', 'ไปงานศพ', NULL, '7', '1', '2019-10-31', '1'),
(1572572929, '62203', 22, 'ลาป่วย', NULL, NULL, '2019-10-31', '2019-10-31', '1', 'ปวดศรีษะ', '2019-10-11', '2019-10-11', '1', '-', '1', '1', '2', '0844124141', NULL, '7', '', '2019-11-01', '1'),
(1572572930, NULL, 1570438297, 'ไปราชการ', NULL, NULL, '2019-10-01', '2019-10-04', '4', NULL, NULL, NULL, NULL, NULL, '99', NULL, NULL, '', NULL, NULL, NULL, '2019-11-01 10:29:11', '1'),
(1572572931, NULL, 1570435393, 'ไปราชการ', NULL, NULL, '2019-10-01', '2019-10-04', '4', NULL, NULL, NULL, NULL, NULL, '99', NULL, NULL, '', NULL, NULL, NULL, '2019-11-01 10:29:31', '1'),
(1572835632, '62204', 36, 'ลาคลอดบุตร', NULL, NULL, '2019-11-11', '2020-02-07', '89', 'ลาคลอดบุตร', '', '', '0', '2/1 หมู่ 4 ต.นาทุ่ง อ.เมือง จ.ชุมพร ', '0', '89', '89', '', NULL, '7', '3', '2019-11-04', '1'),
(1572836118, '62205', 1570438297, 'ลากิจส่วนตัว', NULL, NULL, '2019-11-06', '2019-11-08', '3', 'ลาแต่งงาน', '', '', '', '365 ต.ป่าบอน อ.ป่าบอน จ.พัทลุง 93170', '0', '3', '3', '', NULL, '7', '3', '2019-11-04', '1'),
(1572838477, '62206', 44, 'ลาพักผ่อน', '15', '25', '2019-11-08', '2019-11-08', '1', NULL, NULL, NULL, NULL, '', '0', '1', '1', '', NULL, '7', '3', '2019-11-04', '1'),
(1572918176, '62207', 16, 'ลาป่วย', NULL, NULL, '2019-11-04', '2019-11-04', '1', 'ไอเป็นไขหวัด', '2019-10-30', '2019-10-30', '1', '-', '2', '1', '3', '', NULL, '7', '1', '2019-11-05', '1'),
(1572924391, '62208', 19, 'ลาพักผ่อน', '8', '18', '2019-11-08', '2019-11-11', '1.5', NULL, NULL, NULL, NULL, '183  หมู่บ้านหญ้าแก้ว  ตำบลประจวบฯ  อำเภอเมือง  จังหวัดประจวบคีรีขันธ์', '1.5', '1.5', '3', '', NULL, '7', '1', '2019-11-05', '1'),
(1573441380, '62209', 23, 'ลาพักผ่อน', '1', '11', '2019-11-29', '2019-11-29', '1', NULL, NULL, NULL, NULL, '41 หมู่ 3 ต.นาพันสาม อ.เมือง จ.เพชรบุรี ', '1', '1', '2', '', NULL, '7', '1', '2019-11-11', '4'),
(1573524445, '62209', 35, 'ลาป่วย', NULL, NULL, '2019-11-11', '2019-11-11', '1', 'ปวดศีรษะ', '2019-08-28', '2019-08-28', '1', '711 ม.7 ต.กุยบุรี จ.ประจวบฯ ', '0', '1', '1', '', NULL, '7', '1', '2019-11-12', '1'),
(1573548010, '62210', 23, 'ลาพักผ่อน', '1', '11', '2019-12-25', '2019-12-25', '1', NULL, NULL, NULL, NULL, '41 หมู่ 3 ต.นาพันสาม อ.เมือง จ.เพชรบุรี ', '2', '1', '3', '', NULL, '7', '1', '2019-11-12', '4'),
(1573548011, NULL, 1570438297, 'ไปราชการ', NULL, NULL, '2019-11-22', '2019-11-22', '1', NULL, NULL, NULL, NULL, NULL, '99', NULL, NULL, '333', NULL, NULL, NULL, '2019-11-12 15:43:55', '4'),
(1573612019, '62210', 16, 'ลาพักผ่อน', '19', '29', '2019-11-15', '2019-11-15', '1', NULL, NULL, NULL, NULL, '08 6886 2701', '0', '1', '1', '', NULL, '7', '1', '2019-11-13', '1'),
(1573786750, '62211', 39, 'ลาพักผ่อน', '0.5', '10.5', '2019-11-21', '2019-11-22', '2', NULL, NULL, NULL, NULL, '160/169 หมู่ 2 ถนนชาตะผดุง ตำบลในเมือง อำเภอเมือง จังหวัดขอนแก่น', '0', '2', '2', '', NULL, '7', '1', '2019-11-15', '1'),
(1574041514, '62212', 22, 'ลาป่วย', NULL, NULL, '2019-11-15', '2019-11-15', '1', 'ปวดศรีษะ', '2019-10-31', '2019-10-31', '1', '-', '2', '1', '3', '0844124141', NULL, '7', '1', '2019-11-18', '1'),
(1574051164, '62213', 1569480008, 'ลาพักผ่อน', '17.5', '27.5', '2019-11-25', '2019-11-26', '2', NULL, NULL, NULL, NULL, '-', '0', '2', '2', '', NULL, '', '1', '2019-11-18', '1'),
(1574127524, '62214', 39, 'ลาป่วย', NULL, NULL, '2019-11-18', '2019-11-18', '1', 'ท้องเสีย', '2019-10-28', '2019-10-29', '2', '160/169 หมู่ 2 ถนน ชาตะผดุง ตำบล ในเมือง อำเภอเมือง จังหวัดขอนแก่น', '2', '1', '3', '', NULL, '', '3', '2019-11-19', '1'),
(1574131948, '62215', 35, 'ลาป่วย', NULL, NULL, '2019-11-18', '2019-11-18', '1', 'ปวดศีรษะ', '2019-11-11', '2019-11-11', '1', '711 ม.7 ต.กุยบุรี จ.ประจวบฯ ', '1', '1', '2', '', NULL, '4', '3', '2019-11-19', '1'),
(1574135168, '62216', 35, 'ลาพักผ่อน', '2', '12', '2019-11-20', '2019-11-22', '3', NULL, NULL, NULL, NULL, '711 ม.7 ต.กุยบุรี จ.ประจวบฯ ', '0', '3', '3', '', NULL, '4', '3', '2019-11-19', '1'),
(1574213713, '62217', 44, 'ลาป่วย', NULL, NULL, '2019-11-18', '2019-11-19', '2', 'ท้องเสีย', '2019-10-24', '2019-10-24', '1', '-', '1', '2', '3', '', NULL, '7', '1', '2019-11-20', '1'),
(1574213866, '62218', 9, 'ลาพักผ่อน', '19.5', '29.5', '2019-11-22', '2019-11-22', '0.5', NULL, NULL, NULL, NULL, '-', '0', '0.5', '0.5', '', NULL, '7', '1', '2019-11-20', '1'),
(1574215486, '62219', 20, 'ลาพักผ่อน', '10', '20', '2019-11-21', '2019-11-21', '1', NULL, NULL, NULL, NULL, '173  ถนนเลียบทางรถไฟ-คลองวาฬ อำเภอเมือง จังหวัดประจวบคีรีขันธ์', '1', '1', '2', 'พาบุตรชายไปพบแพทย์ที่โรงพยาบาลจุฬาลงกรณ์', NULL, '7', '1', '2019-11-20', '1'),
(1574318281, '62220', 49, 'ลาป่วย', NULL, NULL, '2019-11-20', '2019-11-20', '1', 'ไปติดตามการรักษาตามนัดที่โรงพยาบาลประจวบคีรีขันธ์', '2019-09-23', '2019-09-23', '1', '193/12 ม.1 ถ.บางกรวย-ไทรน้อย ต.บางรักพัฒนา อ.บางบัวทอง จ.นนทบุรี 11110', '0', '1', '1', '', NULL, '7', '1', '2019-11-21', '1'),
(1574652917, '62221', 24, 'ลาพักผ่อน', '5', '15', '2019-11-26', '2019-11-26', '1', NULL, NULL, NULL, NULL, '-', '0.5', '1', '1.5', '', NULL, '', '', '2019-11-25', '4'),
(1574823097, '62222', 38, 'ลาพักผ่อน', '0', '10', '2019-12-02', '2019-12-04', '2', NULL, NULL, NULL, NULL, '529/228 หมู่ 22 บ้านแก่นทองธานี ซ.12 ตำบลบ้านเป็ด อ.เมือง จ.ขอนแก่น 40000', '2', '2', '4', '', NULL, '7', '1', '2019-11-27', '4'),
(1574926198, '62223', 24, 'ลาป่วย', NULL, NULL, '2019-11-27', '2019-11-27', '0.5', 'ท้องเสีย', '2019-09-27', '2019-09-27', '0.5', '-', '0', '0.5', '0.5', '', NULL, '', '', '2019-11-28', '1'),
(1575000380, '62224', 38, 'ลาพักผ่อน', '0', '10', '2019-12-03', '2019-12-06', '3', NULL, NULL, NULL, NULL, '529/228 หมู่ 22 บ้านแก่นทองธานี ซ.12 ตำบลบ้านเป็ด อ.เมือง จ.ขอนแก่น 40000', '2', '3', '5', '', NULL, '7', '1', '2019-11-29', '1'),
(1575002587, '62225', 44, 'ลาพักผ่อน', '15', '25', '2019-12-09', '2019-12-09', '1', NULL, NULL, NULL, NULL, '-', '1', '1', '2', '', NULL, '7', '1', '2019-11-29', '1'),
(1575251992, '62226', 22, 'ลาพักผ่อน', '7.5', '17.5', '2019-12-12', '2019-12-13', '2', NULL, NULL, NULL, NULL, '-', '0', '2', '2', '0844124141', NULL, '7', '1', '2019-12-02', '1'),
(1575273843, '62227', 1569480008, 'ลาพักผ่อน', '17.5', '27.5', '2019-12-06', '2019-12-09', '2', NULL, NULL, NULL, NULL, '    -', '2', '2', '4', '', NULL, '7', '1', '2019-12-02', '1'),
(1575338637, '62228', 19, 'ลาพักผ่อน', '8', '18', '2019-12-06', '2019-12-06', '1', NULL, NULL, NULL, NULL, '183  หมู่บ้านหญ้าแก้ว  ตำบลประจวบฯ  อำเภอเมือง  จังหวัดประจวบคีรีขันธ์', '3', '1', '4', '', NULL, '7', '1', '2019-12-03', '1'),
(1575597292, '62229', 13, 'ลาพักผ่อน', '8', '18', '2019-12-09', '2019-12-09', '1', NULL, NULL, NULL, NULL, '50 หมู่ 12 ต.หินเหล็กไฟ  อ.หัวหิน จ.ประจวบคีรีขันธ์ 77110', '0.5', '1', '1.5', '', NULL, '4', '1', '2019-12-06', '4'),
(1576035282, '62230', 39, 'ลาพักผ่อน', '0.5', '10.5', '2019-12-13', '2019-12-13', '1', NULL, NULL, NULL, NULL, '160/169 หมู่ 2 ถนน ชาตะผดุง ตำบล ในเมือง อำเภอเมือง จ.ขอนแก่น', '2', '1', '3', '', NULL, '7', '6', '2019-12-11', '1'),
(1576057329, '62231', 38, 'ลาป่วย', NULL, NULL, '2019-12-09', '2019-12-09', '1', '', '2019-05-10', '2019-05-10', '0.5', '529/228 หมู่ 22 บ้านแก่นทองธานี ซ.12 ตำบลบ้านเป็ด อ.เมือง จ.ขอนแก่น 40000', '0', '1', '1', '', NULL, '7', '6', '2019-12-11', '1'),
(1576726038, '62232', 35, 'ลาพักผ่อน', '2', '12', '2019-12-20', '2019-12-20', '1', NULL, NULL, NULL, NULL, '711 ม.7 ต.กุยบุรี จ.ประจวบฯ ', '3', '1', '4', 'ไปทำธุระ', NULL, '7', '1', '2019-12-19', '1'),
(1577067772, '62233', 44, 'ลาพักผ่อน', '15', '25', '2020-01-02', '2020-01-03', '2', NULL, NULL, NULL, NULL, '-', '2', '2', '4', '', NULL, '7', '1', '2019-12-23', '1'),
(1577071303, '62234', 1569480008, 'ลาพักผ่อน', '17.5', '27.5', '2020-01-02', '2020-01-03', '2', NULL, NULL, NULL, NULL, '-', '4', '2', '6', '', NULL, '', '1', '2019-12-23', '1'),
(1577084979, '62235', 14, 'ลาพักผ่อน', '10', '20', '2020-01-02', '2020-01-03', '2', NULL, NULL, NULL, NULL, '', '0', '2', '2', '', NULL, '7', '1', '2019-12-23', '1'),
(1577243832, '62236', 39, 'ลาพักผ่อน', '0.5', '10.5', '2020-01-02', '2020-01-03', '2', NULL, NULL, NULL, NULL, '160/169 หมู่ 2 ถนน ชาตะผดุง ตำบล ในเมือง อำเภอเมือง จ.ขอนแก่น', '3', '2', '5', '', NULL, '7', '1', '2019-12-25', '1'),
(1577333171, '62237', 21, 'ลาพักผ่อน', '10', '20', '2019-12-27', '2019-12-27', '1', NULL, NULL, NULL, NULL, '-', '1', '1', '2', '', NULL, '7', '1', '2019-12-26', '1'),
(1577927885, '63001', 19, 'ลาพักผ่อน', '8', '18', '2020-01-06', '2020-01-06', '1', NULL, NULL, NULL, NULL, '183  หมู่บ้านหญ้าแก้ว  ตำบลประจวบฯ  อำเภอเมือง  จังหวัดประจวบคีรีขันธ์', '4', '1', '5', '', NULL, '4', '1', '2020-01-02', '1'),
(1578446732, '63002', 19, 'ลาป่วย', NULL, NULL, '2020-01-07', '2020-01-07', '1', 'ท้องเสีย', '2019-08-29', '2019-08-29', '1', '183  หมู่บ้านหญ้าแก้ว  ตำบลประจวบฯ  อำเภอเมือง  จังหวัดประจวบคีรีขันธ์', '0', '1', '1', '', NULL, '7', '1', '2020-01-08', '1'),
(1578539964, '63003', 12, 'ลาพักผ่อน', '17', '27', '2020-01-10', '2020-01-10', '1', NULL, NULL, NULL, NULL, '-', '0', '1', '1', '', NULL, '7', '1', '2020-01-14', '1'),
(1578558759, '63004', 49, 'ลาพักผ่อน', '0', '10', '2020-01-17', '2020-01-17', '1', NULL, NULL, NULL, NULL, '193/12 ม.1 ถ.บางกรวย-ไทรน้อย ต.บางรักพัฒนา อ.บางบัวทอง จ.นนทบุรี 11110', '0', '1', '1', '', NULL, '7', '1', '2020-01-09', '1'),
(1578558760, NULL, 22, 'ไปราชการ', NULL, NULL, '2020-01-14', '2020-01-14', '1', NULL, NULL, NULL, NULL, NULL, '99', NULL, NULL, 'ไปกรุงเทพกับศาลจังหวัด', NULL, NULL, NULL, '2020-01-14 09:17:43', '1'),
(1578985651, '63005', 24, 'ลาป่วย', NULL, NULL, '2020-01-13', '2020-01-13', '0.5', 'ท้องเสีย', '2019-11-27', '2019-11-27', '0.5', '-', '0.5', '0.5', '1', '', NULL, '', '', '2020-01-14', '1'),
(1579053047, '63006', 16, 'ลาป่วย', NULL, NULL, '2020-01-14', '2020-01-14', '1', 'ปวดศีรษะ', '2019-11-04', '2019-11-04', '1', '-', '3', '1', '4', '', NULL, '7', '1', '2020-01-15', '1'),
(1579053777, '63007', 39, 'ลาพักผ่อน', '0.5', '10.5', '2020-01-20', '2020-01-21', '2', NULL, NULL, NULL, NULL, '160/169 หมู่ 2 ถนน ชาตะผดุง ตำบล ในเมือง อำเภอเมือง จ.ขอนแก่น', '5', '2', '7', '', NULL, '7', '1', '2020-01-15', '1'),
(1579163544, '63008', 35, 'ลาพักผ่อน', '3', '13', '2020-01-20', '2020-01-22', '3', NULL, NULL, NULL, NULL, '711 ม.7 ต.กุยบุรี จ.ประจวบฯ ', '4', '3', '7', 'ไปต่างจังหวัด', NULL, '7', '1', '2020-01-16', '1'),
(1579227889, '63009', 22, 'ลาป่วย', NULL, NULL, '2020-01-15', '2020-01-16', '2', 'ท้องเสีย', '2019-11-15', '2019-11-15', '1', '-', '3', '2', '5', '', NULL, '7', '1', '2020-01-17', '1'),
(1579485092, '63010', 24, 'ลาป่วย', NULL, NULL, '2020-01-16', '2020-01-17', '2', 'ไข้หวัด', '2020-01-13', '2020-01-13', '0.5', '-', '1', '2', '3', '', NULL, '7', '1', '2020-01-20', '1'),
(1579485093, '63011', 24, 'ลาป่วย', NULL, NULL, '2020-01-16', '2020-01-17', '2', 'ไข้หวัด', '2020-01-13', '2020-01-13', '1', '-', '1', '2', '3', '', NULL, '7', '1', '2020-01-20', '1'),
(1579486423, '63012', 1570435393, 'ลาป่วย', NULL, NULL, '2020-01-14', '2020-01-17', '4', 'ขูดมดลูก', '', '', '', '177 หมู่ 1 ต.ท่าขนุน อ.ทองภาภูมิ จ.กาญจนบุรี 71180', '0', '4', '4', '0922945693', NULL, '7', '1', '2020-01-20', '1'),
(1579487057, '63013', 20, 'ลาป่วย', NULL, NULL, '2020-01-17', '2020-01-17', '1', 'เป็นไข้หวัด', '2019-09-25', '2019-09-25', '1', '173  ถนนเลียบทางรถไฟ-คลองวาฬ อำเภอเมือง จังหวัดประจวบคีรีขันธ์', '0', '1', '1', '', NULL, '7', '1', '2020-01-20', '1'),
(1579487058, NULL, 23, 'ไปราชการ', NULL, NULL, '2020-01-20', '2020-01-22', '3', NULL, NULL, NULL, NULL, NULL, '99', NULL, NULL, '', NULL, NULL, NULL, '2020-01-20 09:24:48', '1'),
(1579830776, '63014', 23, 'ลาป่วย', NULL, NULL, '2020-01-23', '2020-01-23', '1', 'ปวดขา', '2019-06-11', '2019-06-11', '1', '41 หมู่ 3 ต.นาพันสาม อ.เมือง จ.เพชรบุรี ', '0', '1', '1', '', NULL, '7', '1', '2020-01-24', '1'),
(1579833927, '63015', 20, 'ลาพักผ่อน', '10', '20', '2020-01-27', '2020-01-27', '1', NULL, NULL, NULL, NULL, '173  ถนนเลียบทางรถไฟ-คลองวาฬ อำเภอเมือง จังหวัดประจวบคีรีขันธ์', '2', '1', '3', 'ไปโรงพยาบาลประจวบคีรีขันธ์', NULL, '7', '1', '2020-01-24', '1'),
(1580089048, '63016', 22, 'ลาป่วย', NULL, NULL, '2020-01-24', '2020-01-24', '.5', 'ปวดศรีษะ', '2020-01-15', '2020-01-16', '2', '-', '5', '.5', '5.5', '', NULL, '7', '1', '2020-01-27', '1'),
(1580089167, '63017', 35, 'ลาป่วย', NULL, NULL, '2020-01-24', '2020-01-24', '1', 'ปวดศีรษะ', '2019-11-18', '2019-11-18', '1', '711 ม.7 ต.กุยบุรี จ.ประจวบฯ ', '2', '1', '3', '', NULL, '7', '1', '2020-01-27', '1'),
(1580090331, '63018', 44, 'ลาพักผ่อน', '15', '25', '2020-02-03', '2020-02-03', '1', NULL, NULL, NULL, NULL, '-', '4', '1', '5', '', NULL, '7', '1', '2020-01-27', '1'),
(1580347279, '63019', 24, 'ลาป่วย', NULL, NULL, '2020-01-29', '2020-01-29', '1', 'ไข้หวัด', '2020-01-16', '2020-01-17', '2', '-', '3', '1', '4', '', NULL, '7', '1', '2020-01-30', '1'),
(1580348903, '63020', 14, 'ลาป่วย', NULL, NULL, '2020-01-29', '2020-01-29', '0.5', 'ปวดศีรษะ', '', '', '', '-', '0', '0.5', '0.5', '', NULL, '7', '1', '2020-01-30', '1'),
(1580350742, '63021', 18, 'ลาป่วย', NULL, NULL, '2020-01-29', '2020-01-29', '1', 'เป็นไข้', '', '', '1', '-', '0', '1', '1', '', NULL, '7', '1', '2020-01-30', '1'),
(1580356015, '63022', 16, 'ลาพักผ่อน', '19', '29', '2020-02-03', '2020-02-04', '2', NULL, NULL, NULL, NULL, '-', '1', '2', '3', '', NULL, '7', '1', '2020-01-30', '1'),
(1580435308, '63023', 9, 'ลาป่วย', NULL, NULL, '2020-01-30', '2020-01-30', '1', 'เป็นไข้หวัด', '2019-09-02', '2019-09-02', '0.5', '-', '4.5', '1', '5.5', '', NULL, '7', '1', '2020-01-31', '1'),
(1580872536, '63024', 39, 'ลาพักผ่อน', '0.5', '10.5', '2020-02-07', '2020-02-07', '0.5', NULL, NULL, NULL, NULL, '160/169 หมู่ 2 ถนน ชาตะผดุง ตำบล ในเมือง อำเภอเมือง จ.ขอนแก่น', '7', '0.5', '7.5', '20-10-01', NULL, '7', '7', '2020-02-05', '1'),
(1580953391, '63025', 22, 'ลาพักผ่อน', '7.5', '17.5', '2020-02-07', '2020-02-07', '1', NULL, NULL, NULL, NULL, '-', '2', '1', '3', '0844124141', NULL, '7', '1', '2020-02-06', '1'),
(1581041298, '63026', 19, 'ลาพักผ่อน', '8', '18', '2020-02-11', '2020-02-11', '0.5', NULL, NULL, NULL, NULL, '183  หมู่บ้านหญ้าแก้ว  ตำบลประจวบฯ  อำเภอเมือง  จังหวัดประจวบคีรีขันธ์', '5', '0.5', '5.5', '', NULL, '4', '3', '2020-02-07', '1'),
(1581041299, NULL, 1569480008, 'ไปราชการ', NULL, NULL, '2020-02-07', '2020-02-07', '1', NULL, NULL, NULL, NULL, NULL, '99', NULL, NULL, 'อกบศ', NULL, NULL, NULL, '2020-02-07 10:26:32', '1'),
(1581411868, '63027', 12, 'ลาพักผ่อน', '17', '27', '2020-02-13', '2020-02-13', '1', NULL, NULL, NULL, NULL, '-', '1', '1', '2', '', NULL, '7', '1', '2020-02-11', '1'),
(1581486404, '63028', 35, 'ลาพักผ่อน', '3', '13', '2020-02-12', '2020-02-12', '0.5', NULL, NULL, NULL, NULL, '711 ม.7 ต.กุยบุรี จ.ประจวบฯ ', '7', '0.5', '7.5', 'พาลูกไปหาหมอ', NULL, '7', '7', '2020-02-12', '1'),
(1581558102, '63029', 39, 'ลาป่วย', NULL, NULL, '2020-02-11', '2020-02-12', '2', 'เป็นไข้ทอลซินอักเสบ', '2019-11-18', '2019-11-18', '1', '160/169 หมู่ 2 ถนน ชาตะผดุง ตำบล ในเมือง อำเภอเมือง จ.ขอนแก่น', '3', '2', '5', '', NULL, '7', '1', '2020-02-13', '1'),
(1581644846, '63030', 35, 'ลาป่วย', NULL, NULL, '2020-02-13', '2020-02-13', '1', 'ปวดศีรษะ', '2020-01-24', '2020-01-24', '1', '711 ม.7 ต.กุยบุรี จ.ประจวบฯ ', '3', '1', '4', '', NULL, '4', '3', '2020-02-14', '1'),
(1581644847, NULL, 1569480008, 'ไปราชการ', NULL, NULL, '2020-02-14', '2020-02-14', '1', NULL, NULL, NULL, NULL, NULL, '99', NULL, NULL, 'ดูงาน ศยจ.ชุมพร', NULL, NULL, NULL, '2020-02-14 09:01:56', '1'),
(1581644848, NULL, 49, 'ไปราชการ', NULL, NULL, '2020-02-14', '2020-02-14', '1', NULL, NULL, NULL, NULL, NULL, '99', NULL, NULL, 'ดูงาน ศยจ.ชุมพร', NULL, NULL, NULL, '2020-02-14 09:02:12', '1'),
(1581644849, NULL, 1570435393, 'ไปราชการ', NULL, NULL, '2020-02-14', '2020-02-14', '1', NULL, NULL, NULL, NULL, NULL, '99', NULL, NULL, 'ดูงาน ศยจ.ชุมพร', NULL, NULL, NULL, '2020-02-14 09:02:30', '1'),
(1581644850, NULL, 19, 'ไปราชการ', NULL, NULL, '2020-02-14', '2020-02-14', '1', NULL, NULL, NULL, NULL, NULL, '99', NULL, NULL, 'ดูงาน ศยจ.ชุมพร', NULL, NULL, NULL, '2020-02-14 09:02:49', '1'),
(1581644851, NULL, 20, 'ไปราชการ', NULL, NULL, '2020-02-14', '2020-02-14', '1', NULL, NULL, NULL, NULL, NULL, '99', NULL, NULL, 'ดูงาน ศยจ.ชุมพร', NULL, NULL, NULL, '2020-02-14 09:03:07', '1'),
(1581644852, NULL, 18, 'ไปราชการ', NULL, NULL, '2020-02-14', '2020-02-14', '1', NULL, NULL, NULL, NULL, NULL, '99', NULL, NULL, 'ดูงาน ศยจ.ชุมพร', NULL, NULL, NULL, '2020-02-14 09:03:23', '1'),
(1581644853, NULL, 36, 'ไปราชการ', NULL, NULL, '2020-02-14', '2020-02-14', '1', NULL, NULL, NULL, NULL, NULL, '99', NULL, NULL, 'ดูงาน ศยจ.ชุมพร', NULL, NULL, NULL, '2020-02-14 09:03:39', '1'),
(1581644854, NULL, 22, 'ไปราชการ', NULL, NULL, '2020-02-14', '2020-02-14', '1', NULL, NULL, NULL, NULL, NULL, '99', NULL, NULL, 'ดูงาน ศยจ.ชุมพร', NULL, NULL, NULL, '2020-02-14 09:03:57', '1'),
(1581644855, NULL, 13, 'ไปราชการ', NULL, NULL, '2020-02-14', '2020-02-14', '1', NULL, NULL, NULL, NULL, NULL, '99', NULL, NULL, 'ดูงาน ศยจ.ชุมพร', NULL, NULL, NULL, '2020-02-14 09:04:21', '1'),
(1582006658, '63031', 49, 'ลาป่วย', NULL, NULL, '2020-02-18', '2020-02-18', '0.5', 'มีนัดติดตามการรักษาที่โรงพยาบาลประจวบคีรีขันธ์', '2019-11-20', '2019-11-20', '1', '193/12 ม.1 ถ.บางกรวย-ไทรน้อย ต.บางรักพัฒนา อ.บางบัวทอง จ.นนทบุรี 11110', '1', '0.5', '1.5', '', NULL, '', '3', '2020-02-18', '1'),
(1582077857, '63032', 16, 'ลาป่วย', NULL, NULL, '2020-02-18', '2020-02-18', '1', 'ยอกหลัง', '2020-01-14', '2020-01-14', '1', '-', '4', '1', '5', '', NULL, '7', '1', '2020-02-19', '1'),
(1582165158, '63033', 20, 'ลาพักผ่อน', '10', '20', '2020-02-21', '2020-02-21', '1', NULL, NULL, NULL, NULL, '173  ถนนเลียบทางรถไฟ-คลองวาฬ อำเภอเมือง จังหวัดประจวบคีรีขันธ์', '3', '1', '4', 'พาบุตรชายไปพบแพทย์ที่โรงพยาบาลจุฬาลงกรณ์', NULL, '7', '1', '2020-02-20', '1'),
(1582165542, '63034', 19, 'ลาพักผ่อน', '8', '18', '2020-02-24', '2020-02-24', '1', NULL, NULL, NULL, NULL, '183  หมู่บ้านหญ้าแก้ว  ตำบลประจวบฯ  อำเภอเมือง  จังหวัดประจวบคีรีขันธ์', '5.5', '1', '6.5', '', NULL, '7', '1', '2020-02-20', '1'),
(1582165543, NULL, 22, 'ไปราชการ', NULL, NULL, '2020-02-20', '2020-02-20', '1', NULL, NULL, NULL, NULL, NULL, '99', NULL, NULL, 'ศาลจังหวัดขอยืมรถยนต์', NULL, NULL, NULL, '2020-02-21 09:22:25', '1'),
(1582165544, NULL, 9, 'ไปราชการ', NULL, NULL, '2020-02-18', '2020-02-18', '1', NULL, NULL, NULL, NULL, NULL, '99', NULL, NULL, 'all for one', NULL, NULL, NULL, '2020-02-21 09:23:44', '1'),
(1582165545, NULL, 22, 'ไปราชการ', NULL, NULL, '2020-02-18', '2020-02-18', '1', NULL, NULL, NULL, NULL, NULL, '99', NULL, NULL, 'all for one', NULL, NULL, NULL, '2020-02-21 09:24:08', '1'),
(1582165546, NULL, 1569480008, 'ไปราชการ', NULL, NULL, '2020-02-18', '2020-02-18', '1', NULL, NULL, NULL, NULL, NULL, '99', NULL, NULL, 'all for one', NULL, NULL, NULL, '2020-02-21 09:24:37', '1'),
(1582264865, '63035', 18, 'ลาพักผ่อน', '0', '10', '2020-02-24', '2020-02-24', '1', NULL, NULL, NULL, NULL, '-', '1', '1', '2', 'ไปทำธุระส่วนตัว', NULL, '7', '1', '2020-02-21', '1'),
(1582265371, '63036', 23, 'ลาพักผ่อน', '1', '11', '2020-02-24', '2020-02-24', '1', NULL, NULL, NULL, NULL, '41 หมู่ 3 ต.นาพันสาม อ.เมือง จ.เพชรบุรี ', '1', '1', '2', '', NULL, '7', '1', '2020-02-21', '1'),
(1582510275, '63037', 24, 'ลาพักผ่อน', '5', '15', '2020-02-24', '2020-02-24', '0.5', NULL, NULL, NULL, NULL, '-', '0.5', '0.5', '1', '', NULL, '7', '1', '2020-02-24', '1'),
(1582595258, '63038', 44, 'ลาพักผ่อน', '15', '25', '2020-02-28', '2020-02-28', '1', NULL, NULL, NULL, NULL, '-', '5', '1', '6', '', NULL, '7', '1', '2020-02-25', '1'),
(1582595406, '63039', 22, 'ลาป่วย', NULL, NULL, '2020-02-24', '2020-02-24', '1', 'ปวดศรีษะ', '2020-01-24', '2020-01-24', '.5', '-', '5.5', '1', '6.5', '', NULL, '7', '1', '2020-02-25', '1'),
(1582595591, '63040', 1570435393, 'ลาป่วย', NULL, NULL, '2020-02-24', '2020-02-24', '1', 'ปวดศรีษะ', '2020-01-14', '2020-01-17', '4', '177 หมู่ 1 ต.ท่าขนุน อ.ทองภาภูมิ จ.กาญจนบุรี 71180', '4', '1', '5', '', NULL, '7', '1', '2020-02-25', '1'),
(1582681592, '63041', 23, 'ลาป่วย', NULL, NULL, '2020-02-25', '2020-02-25', '1', 'เป็นไข้', '2020-01-23', '2020-01-23', '1', '41 หมู่ 3 ต.นาพันสาม อ.เมือง จ.เพชรบุรี ', '1', '1', '2', '', NULL, '7', '9', '2020-03-31', '1'),
(1582683888, '63042', 18, 'ลาป่วย', NULL, NULL, '2020-02-25', '2020-02-25', '1', 'เป็นไข้', '2020-01-29', '2020-01-29', '1', '-', '1', '1', '2', '', NULL, '7', '1', '2020-02-26', '1'),
(1582690013, '63043', 12, 'ลาพักผ่อน', '17', '27', '2020-02-27', '2020-02-27', '1', NULL, NULL, NULL, NULL, '-', '2', '1', '3', '', NULL, '7', '1', '2020-02-26', '1'),
(1583123853, '63044', 49, 'ลาพักผ่อน', '0', '10', '2020-03-06', '2020-03-06', '1', NULL, NULL, NULL, NULL, '193/12 ม.1 ถ.บางกรวย-ไทรน้อย ต.บางรักพัฒนา อ.บางบัวทอง จ.นนทบุรี 11110', '1', '1', '2', '', NULL, '7', '1', '2020-03-02', '1'),
(1583128899, '63045', 21, 'ลาป่วย', NULL, NULL, '2020-03-02', '2020-03-02', '0.5', 'ปวดศีรษะ', '2019-10-03', '2019-10-03', '1', '-', '1', '0.5', '1.5', '', NULL, '7', '1', '2020-03-02', '1'),
(1583198201, '63046', 22, 'ลาป่วย', NULL, NULL, '2020-03-02', '2020-03-02', '1', 'ปวดฟัน', '2020-02-24', '2020-02-24', '1', '-', '6.5', '1', '7.5', '', NULL, '7', '1', '2020-03-03', '1'),
(1583285191, '63047', 12, 'ลาพักผ่อน', '17', '27', '2020-03-11', '2020-03-11', '1', NULL, NULL, NULL, NULL, '-', '3', '1', '4', '', NULL, '7', '1', '2020-03-04', '1'),
(1583288307, '63048', 23, 'ลาพักผ่อน', '1', '11', '2020-03-06', '2020-03-06', '1', NULL, NULL, NULL, NULL, '41 หมู่ 3 ต.นาพันสาม อ.เมือง จ.เพชรบุรี ', '2', '1', '3', '', NULL, '7', '9', '2020-03-31', '1'),
(1583288442, '63049', 18, 'ลาพักผ่อน', '0', '10', '2020-03-06', '2020-03-06', '1', NULL, NULL, NULL, NULL, '-', '2', '1', '3', 'ไปต่างจังหวัด', NULL, '7', '1', '2020-03-04', '1'),
(1583387058, '63050', 9, 'ลาป่วย', NULL, NULL, '2020-03-04', '2020-03-05', '1', 'ปวดท้อง', '2020-01-30', '2020-01-30', '1', '-', '5.5', '1', '6.5', '', NULL, '7', '1', '2020-03-05', '1'),
(1583719270, '63051', 39, 'ลาป่วย', NULL, NULL, '2020-03-05', '2020-03-06', '2', 'เป็นไข้หวัด', '2020-02-11', '2020-02-12', '2', '160/169 หมู่ 2 ถนน ชาตะผดุง ตำบล ในเมือง อำเภอเมือง จ.ขอนแก่น', '5', '2', '7', '', NULL, '7', '1', '2020-03-09', '1'),
(1583895376, '63052', 36, 'ลาพักผ่อน', '6', '16', '2020-03-16', '2020-03-16', '1', NULL, NULL, NULL, NULL, '2/1 หมู่ 4 ต.นาทุ่ง อ.เมือง จ.ชุมพร ', '1', '1', '2', '', NULL, '7', '1', '2020-03-11', '1'),
(1584329360, '63053', 21, 'ลาพักผ่อน', '10', '20', '2020-03-17', '2020-03-17', '0.5', NULL, NULL, NULL, NULL, '-', '2', '0.5', '2.5', '', NULL, '7', '1', '2020-03-16', '1'),
(1584410493, '63054', 14, 'ลาพักผ่อน', '10', '20', '2020-03-17', '2020-03-17', '0.5', NULL, NULL, NULL, NULL, '-', '2', '0.5', '2.5', '', NULL, '7', '1', '2020-03-17', '1'),
(1584411718, '63055', 36, 'ลาป่วย', NULL, NULL, '2020-03-13', '2020-03-13', '1', 'ปวดท้อง', '2019-10-16', '2019-10-16', '1', '2/1 หมู่ 4 ต.นาทุ่ง อ.เมือง จ.ชุมพร ', '1', '1', '2', '', NULL, '7', '1', '2020-03-17', '1'),
(1584496966, '63056', 22, 'ลาพักผ่อน', '7.5', '17.5', '2020-03-20', '2020-03-20', '1', NULL, NULL, NULL, NULL, '-', '3', '1', '4', '', NULL, '7', '1', '2020-03-18', '1'),
(1584498228, '63057', 19, 'ลาพักผ่อน', '8', '18', '2020-03-19', '2020-03-19', '1', NULL, NULL, NULL, NULL, '183  หมู่บ้านหญ้าแก้ว  ตำบลประจวบฯ  อำเภอเมือง  จังหวัดประจวบคีรีขันธ์', '6.5', '1', '7.5', '', NULL, '7', '1', '2020-03-18', '1'),
(1584501547, '63058', 35, 'ลาพักผ่อน', '3', '13', '2020-03-18', '2020-03-18', '0.5', NULL, NULL, NULL, NULL, '711 ม.7 ต.กุยบุรี จ.ประจวบฯ ', '7.5', '0.5', '8', 'ไปทำธุระ', NULL, '7', '1', '2020-03-18', '4'),
(1584501548, NULL, 1569480008, 'ไปราชการ', NULL, NULL, '2020-03-19', '2020-03-20', '2', NULL, NULL, NULL, NULL, NULL, '99', NULL, NULL, 'ประชุม อกบศ ภาค 7', NULL, NULL, NULL, '2020-03-19 09:07:06', '1'),
(1585014668, '63059', 44, 'ลาพักผ่อน', '15', '25', '2020-03-30', '2020-03-30', '1', NULL, NULL, NULL, NULL, '-', '6', '1', '7', '', NULL, '7', '1', '2020-03-24', '1'),
(1585207601, '63060', 1570435393, 'ลาป่วย', NULL, NULL, '2020-03-25', '2020-03-25', '0.5', 'ปวดศรีษะ', '2020-02-24', '2020-02-24', '1', '177 หมู่ 1 ต.ท่าขนุน อ.ทองภาภูมิ จ.กาญจนบุรี 71180', '5', '0.5', '5.5', '0922945693', NULL, '7', '1', '2020-03-26', '1'),
(1585273969, '63061', 12, 'ลาพักผ่อน', '17', '27', '2020-03-30', '2020-03-30', '1', NULL, NULL, NULL, NULL, '-', '4', '1', '5', '', NULL, '7', '1', '2020-03-27', '1'),
(1585274366, '63062', 9, 'ลาพักผ่อน', '19.5', '29.5', '2020-04-03', '2020-04-03', '1', NULL, NULL, NULL, NULL, '-', '0.5', '1', '1.5', '', NULL, '7', '1', '2020-03-27', '1'),
(1585532152, '63063', 22, 'ลาป่วย', NULL, NULL, '2020-03-27', '2020-03-27', '1', 'ปวดไหล่', '2020-03-02', '2020-03-02', '1', '-', '7.5', '1', '8.5', '', NULL, '7', '1', '2020-03-30', '1'),
(1585534698, '63064', 35, 'ลาป่วย', NULL, NULL, '2020-03-27', '2020-03-27', '1', 'ปวดศีรษะ', '2020-02-13', '2020-02-13', '1', '711 ม.7 ต.กุยบุรี จ.ประจวบฯ ', '4', '1', '5', '', NULL, '7', '1', '2020-03-30', '1'),
(1585534699, NULL, 44, 'ไปราชการ', NULL, NULL, '2020-03-31', '2020-03-31', '1', NULL, NULL, NULL, NULL, NULL, '99', NULL, NULL, 'ย้ายไป ศาลจังหวัดสุราษฎร์ธานี', NULL, NULL, NULL, '2020-03-31 15:22:08', '1'),
(1585878465, '63065', 23, 'ลาป่วย', NULL, NULL, '2020-04-02', '2020-04-02', '0.5', 'เป็นไข้', '2020-02-25', '2020-02-25', '1', '41 หมู่ 3 ต.นาพันสาม อ.เมือง จ.เพชรบุรี ', '2', '0.5', '2.5', '', NULL, '7', '8', '2020-04-03', '1'),
(1585878530, '63066', 23, 'ลาพักผ่อน', '1', '11', '2020-04-03', '2020-04-03', '0.5', NULL, NULL, NULL, NULL, '41 หมู่ 3 ต.นาพันสาม อ.เมือง จ.เพชรบุรี ', '3', '0.5', '3.5', '', NULL, '7', '8', '2020-04-03', '4'),
(1585885922, '63067', 1569480008, 'ลาพักผ่อน', '17.5', '27.5', '2020-04-07', '2020-04-08', '2', NULL, NULL, NULL, NULL, '-', '6', '2', '8', '', NULL, '', '8', '2020-04-03', '4'),
(1586312358, '63068', 13, 'ลาป่วย', NULL, NULL, '2020-04-07', '2020-04-07', '1', 'ป่วยด้วยอาการภูมิแพ้', '2019-04-18', '2019-04-18', '1', '50 หมู่ 12 ต.หินเหล็กไฟ  อ.หัวหิน จ.ประจวบคีรีขันธ์ 77110', '0', '1', '1', '', NULL, '7', '8', '2020-04-08', '1'),
(1586489729, '63069', 36, 'ลาพักผ่อน', '6', '16', '2020-04-13', '2020-04-13', '1', NULL, NULL, NULL, NULL, '2/1 หมู่ 4 ต.นาทุ่ง อ.เมือง จ.ชุมพร ', '2', '1', '3', '', NULL, '7', '8', '2020-04-10', '1'),
(1649654321, '65066', 35, 'ลาพักผ่อน', '4', '14', '2022-04-21', '2022-04-22', '2', NULL, NULL, NULL, NULL, '711 ม.7 ต.กุยบุรี จ.ประจวบฯ ', '4', '2', '6', 'ไปโรงพยาบาล', NULL, '11', '12', '2022-04-11', '1'),
(1649728985, '65067', 21, 'ลาพักผ่อน', '20', '30', '2022-04-21', '2022-04-21', '1', NULL, NULL, NULL, NULL, '-', '2.5', '1', '3.5', '', NULL, '11', '12', '2022-04-12', '1');
INSERT INTO `bila` (`id`, `running`, `user_id`, `cat`, `p1`, `p2`, `date_begin`, `date_end`, `date_total`, `due`, `dateO_begin`, `dateO_end`, `dateO_total`, `address`, `t1`, `t2`, `t3`, `comment`, `file`, `po`, `bigboss`, `date_create`, `status`) VALUES
(1650247677, '65068', 16, 'ลาป่วย', NULL, NULL, '2022-04-11', '2022-04-12', '2', 'น้ำตาลในเลือดต่ำ', '2020-04-07', '2020-04-07', '1', '-', '3', '2', '5', '', NULL, '', '12', '2022-04-18', '1'),
(1650430883, '65069', 1633007273, 'ลากิจส่วนตัว', NULL, NULL, '2022-04-25', '2022-04-26', '2', 'พบแพทย์ตามกำหนดนัด', '', '', '0', '-', '0', '2', '2', '', NULL, '', '12', '2022-04-20', '1'),
(1650449537, '65070', 23, 'ลาพักผ่อน', '5', '15', '2022-03-18', '2022-03-18', '1', NULL, NULL, NULL, NULL, '41 หมู่ 3 ต.นาพันสาม อ.เมือง จ.เพชรบุรี ', '6', '1', '7', '', NULL, '', '', '2022-04-20', '1'),
(1650450165, '65071', 1570438297, 'ลาพักผ่อน', '1', '11', '2022-02-14', '2022-02-15', '2', NULL, NULL, NULL, NULL, '365 ต.ป่าบอน อ.ป่าบอน จ.พัทลุง 93170', '4', '2', '6', '', NULL, '11', '12', '2022-04-20', '1'),
(1650450348, '65072', 1570438297, 'ลาพักผ่อน', '1', '11', '2022-04-27', '2022-04-29', '3', NULL, NULL, NULL, NULL, '365 ต.ป่าบอน อ.ป่าบอน จ.พัทลุง 93170', '6', '3', '9', '', NULL, '11', '12', '2022-04-20', '1'),
(1650591044, '65073', 1633007481, 'ลาป่วย', NULL, NULL, '2022-04-12', '2022-04-21', '5', '', '2021-11-12', '2021-11-12', '1', '0950938222', '1', '5', '6', '', NULL, '11', '12', '2022-04-22', '1'),
(1650591629, '65074', 1633007481, 'ลาพักผ่อน', '0', '10', '2022-04-18', '2022-04-20', '3', NULL, NULL, NULL, NULL, '-', '8', '3', '11', '', NULL, '11', '12', '2022-04-22', '4'),
(1650851139, '65075', 22, 'ลาพักผ่อน', '8', '18', '2022-05-02', '2022-05-06', '4', NULL, NULL, NULL, NULL, '-', '5.5', '4', '9.5', 'วันที่ 4 พฤษภาคม 2565  วันหยุดราชการ', NULL, '14', '12', '2022-04-25', '1'),
(1650857897, '65076', 18, 'ลาพักผ่อน', '6.5', '16.5', '2022-04-29', '2022-04-29', '1', NULL, NULL, NULL, NULL, '-', '7', '1', '8', 'ไปทำธุระส่วนตัว', NULL, '14', '12', '2022-04-25', '1'),
(1650858619, '65077', 23, 'ลาพักผ่อน', '5', '15', '2022-04-29', '2022-04-29', '1', NULL, NULL, NULL, NULL, '41 หมู่ 3 ต.นาพันสาม อ.เมือง จ.เพชรบุรี ', '7', '1', '8', '', NULL, '14', '12', '2022-04-25', '1'),
(1650858620, NULL, 1633007481, 'ไปราชการ', NULL, NULL, '2022-04-28', '2022-04-28', '1', NULL, NULL, NULL, NULL, NULL, '99', NULL, NULL, 'อบรมการบริหารความเสี่ยง(ภาค 7)', NULL, NULL, NULL, '2022-04-25 14:07:06', '1'),
(1650858621, NULL, 1633006816, 'ไปราชการ', NULL, NULL, '2022-04-28', '2022-04-28', '1', NULL, NULL, NULL, NULL, NULL, '99', NULL, NULL, 'อบรมการบริหารความเสี่ยง(ภาค 7)', NULL, NULL, NULL, '2022-04-25 14:07:43', '1'),
(1650858622, NULL, 13, 'ไปราชการ', NULL, NULL, '2022-05-18', '2022-05-20', '3', NULL, NULL, NULL, NULL, NULL, '99', NULL, NULL, 'อบรมการพัฒนาข้าราชการระดับต้น รุ่นที่ 12', NULL, NULL, NULL, '2022-04-25 14:09:18', '1'),
(1650858623, NULL, 14, 'ไปราชการ', NULL, NULL, '2022-05-18', '2022-05-20', '3', NULL, NULL, NULL, NULL, NULL, '99', NULL, NULL, 'อบรมการพัฒนาข้าราชการระดับต้น รุ่นที่ 12', NULL, NULL, NULL, '2022-04-25 14:09:55', '1'),
(1650858624, NULL, 18, 'ไปราชการ', NULL, NULL, '2022-05-18', '2022-05-20', '3', NULL, NULL, NULL, NULL, NULL, '99', NULL, NULL, 'อบรมการพัฒนาข้าราชการระดับต้น รุ่นที่ 12', NULL, NULL, NULL, '2022-04-25 14:10:17', '1'),
(1650858625, NULL, 1649532712, 'ไปราชการ', NULL, NULL, '2022-06-13', '2022-07-08', '20', NULL, NULL, NULL, NULL, NULL, '99', NULL, NULL, 'อบรมผู้พิพากษาศาลชั้นต้น รุ่นที่ 34', NULL, NULL, NULL, '2022-04-27 08:32:36', '1'),
(1651195037, '65078', 16, 'ลาป่วย', NULL, NULL, '2022-04-27', '2022-04-28', '1.5', 'น้ำตาลในเลือดต่ำ ,เข้ารับการกักตัวแต่ตรวจไม่พบการติดเชื้อโควิด-19', '2022-04-11', '2022-04-12', '2', '-', '5', '1.5', '6.5', '', NULL, '11', '12', '2022-04-29', '1'),
(1651195933, '65079', 13, 'ลาพักผ่อน', '19.5', '29.5', '2022-04-29', '2022-04-29', '0.5', NULL, NULL, NULL, NULL, '50 หมู่ 12 ต.หินเหล็กไฟ  อ.หัวหิน จ.ประจวบคีรีขันธ์ 77110', '4.5', '0.5', '5', 'ไปทำธุระส่วนตัว  ลาครึ่งวันบ่าย', NULL, '11', '12', '2022-04-29', '1'),
(1651457087, '65080', 1633007481, 'ลาพักผ่อน', '0', '10', '2022-05-05', '2022-05-06', '2', NULL, NULL, NULL, NULL, '-', '8', '2', '10', '', NULL, '11', '12', '2022-05-02', '1'),
(1651465623, '65081', 1633007273, 'ลากิจส่วนตัว', NULL, NULL, '2022-05-23', '2022-05-24', '2', 'พบแพทย์ตามกำหนดนัด', '2022-04-25', '2022-04-26', '2', '', '2', '2', '4', '', NULL, '', '12', '2022-05-02', '4'),
(1651465732, '65082', 1633007273, 'ลาพักผ่อน', '17.5', '27.5', '2022-05-17', '2022-05-18', '2', NULL, NULL, NULL, NULL, '', '7', '2', '9', '', NULL, '', '12', '2022-05-02', '1'),
(1651466584, '65083', 49, 'ลาพักผ่อน', '8.5', '18.5', '2022-05-09', '2022-05-09', '1', NULL, NULL, NULL, NULL, '193/12 ม.1 ถ.บางกรวย-ไทรน้อย ต.บางรักพัฒนา อ.บางบัวทอง จ.นนทบุรี 11110', '8', '1', '9', '', NULL, '11', '12', '2022-05-03', '1'),
(1651544572, '65084', 20, 'ลาพักผ่อน', '19.5', '29.5', '2022-05-05', '2022-05-06', '2', NULL, NULL, NULL, NULL, '173  ถนนเลียบทางรถไฟ-คลองวาฬ อำเภอเมือง จังหวัดประจวบคีรีขันธ์', '5.5', '2', '7.5', 'พาบุตรชายไปพบแพทย์ที่โรงพยาบาลจุฬาลงกรณ์', NULL, '11', '12', '2022-05-03', '1'),
(1651718156, '65085', 21, 'ลาพักผ่อน', '20', '30', '2022-05-06', '2022-05-06', '0.5', NULL, NULL, NULL, NULL, '-', '3.5', '0.5', '4', '', NULL, '11', '12', '2022-05-05', '1'),
(1651731651, '65086', 23, 'ลาพักผ่อน', '5', '15', '2022-05-06', '2022-05-06', '0.5', NULL, NULL, NULL, NULL, '41 หมู่ 3 ต.นาพันสาม อ.เมือง จ.เพชรบุรี ', '8', '0.5', '8.5', 'บ่าย', NULL, '11', '12', '2022-05-05', '1'),
(1652066102, '65087', 12, 'ลาพักผ่อน', '12.5', '22.5', '2022-05-11', '2022-05-11', '1', NULL, NULL, NULL, NULL, '-', '6', '1', '7', '', NULL, '11', '12', '2022-05-09', '1'),
(1652146842, '65088', 21, 'ลาพักผ่อน', '20', '30', '2022-05-11', '2022-05-11', '0.5', NULL, NULL, NULL, NULL, '-', '4', '0.5', '4.5', '', NULL, '11', '12', '2022-05-10', '1'),
(1652177133, '65089', 19, 'ลาพักผ่อน', '7', '17', '2022-05-11', '2022-05-12', '2', NULL, NULL, NULL, NULL, '-', '2.5', '2', '4.5', '', NULL, '11', '12', '2022-05-10', '1'),
(1652235818, '65090', 38, 'ลากิจส่วนตัว', NULL, NULL, '2022-05-17', '2022-05-17', '1', 'เดินทางกลับภูมิลำเนาที่ต่างจังหวัด', '2021-09-23', '2021-09-23', '1', '529/228 หมู่ 22 บ้านแก่นทองธานี ซ.12 ตำบลบ้านเป็ด อ.เมือง จ.ขอนแก่น 40000', '0', '1', '1', '', NULL, '11', '12', '2022-05-11', '1'),
(1652247326, '65091', 23, 'ลาพักผ่อน', '5', '15', '2022-05-11', '2022-05-11', '0.5', NULL, NULL, NULL, NULL, '41 หมู่ 3 ต.นาพันสาม อ.เมือง จ.เพชรบุรี ', '8.5', '0.5', '9', 'ลาครึ่งวันบ่าย', NULL, '11', '12', '2022-05-11', '1'),
(1652752304, '65092', 19, 'ลาป่วย', NULL, NULL, '2022-05-10', '2022-05-10', '0.5', 'ปวดท้อง', '2022-03-02', '2022-03-02', '0.5', '183  หมู่บ้านหญ้าแก้ว  ตำบลประจวบฯ  อำเภอเมือง  จังหวัดประจวบคีรีขันธ์', '1.5', '0.5', '2', '', NULL, '14', '12', '2022-05-17', '1'),
(1652935764, '65093', 1633007273, 'ลากิจส่วนตัว', NULL, NULL, '2022-05-30', '2022-05-31', '2', 'พบแพทย์ตามกำหนดนัด', '2022-04-25', '2022-04-26', '2', '-', '2', '2', '4', '', NULL, '', '12', '2022-05-19', '1'),
(1653279838, '65094', 1633007481, 'ลาพักผ่อน', '14', '24', '2022-06-02', '2022-06-02', '1', NULL, NULL, NULL, NULL, '0950938222', '10', '1', '11', '', NULL, '11', '12', '2022-05-23', '1'),
(1653379828, '65095', 19, 'ลาพักผ่อน', '7', '17', '2022-05-25', '2022-05-25', '0.5', NULL, NULL, NULL, NULL, '183  หมู่บ้านหญ้าแก้ว  ตำบลประจวบฯ  อำเภอเมือง  จังหวัดประจวบคีรีขันธ์', '4.5', '0.5', '5', '', NULL, '11', '12', '2022-05-24', '4'),
(1653451534, '65096', 38, 'ลากิจส่วนตัว', NULL, NULL, '2022-06-02', '2022-06-02', '1', 'เดินทางไปต่างจังหวัด', '2022-05-17', '2022-05-17', '1', '529/228 หมู่ 22 บ้านแก่นทองธานี ซ.12 ตำบลบ้านเป็ด อ.เมือง จ.ขอนแก่น 40000', '1', '1', '2', '', NULL, '11', '12', '2022-05-25', '1'),
(1653529446, '65097', 35, 'ลาพักผ่อน', '4', '14', '2022-06-02', '2022-06-02', '1', NULL, NULL, NULL, NULL, '711 ม.7 ต.กุยบุรี จ.ประจวบฯ ', '6', '1', '7', 'ไปโรงพยาบาล', NULL, '11', '12', '2022-05-26', '1'),
(1653619357, '65098', 19, 'ลาป่วย', NULL, NULL, '2022-05-25', '2022-05-26', '1.5', 'เป็นไข้หวัด', '2022-05-10', '2022-05-10', '0.5', '183  หมู่บ้านหญ้าแก้ว  ตำบลประจวบฯ  อำเภอเมือง  จังหวัดประจวบคีรีขันธ์', '2', '1.5', '3.5', '', NULL, '11', '12', '2022-05-27', '1'),
(1654049903, '65099', 1633007273, 'ลาพักผ่อน', '17.5', '27.5', '2022-06-07', '2022-06-10', '4', NULL, NULL, NULL, NULL, '', '9', '4', '13', '', NULL, '', '12', '2022-06-01', '1'),
(1654058653, '65100', 13, 'ลาพักผ่อน', '19.5', '29.5', '2022-06-01', '2022-06-01', '0.5', NULL, NULL, NULL, NULL, '50 หมู่ 12 ต.หินเหล็กไฟ  อ.หัวหิน จ.ประจวบคีรีขันธ์ 77110', '5', '0.5', '5.5', 'ลาครึ่งวันบ่าย (มีอาการภูมิแพ้)', NULL, '11', '12', '2022-06-01', '1'),
(1654150081, '65101', 19, 'ลาพักผ่อน', '7', '17', '2022-06-06', '2022-06-06', '1', NULL, NULL, NULL, NULL, '183  หมู่บ้านหญ้าแก้ว  ตำบลประจวบฯ  อำเภอเมือง  จังหวัดประจวบคีรีขันธ์', '5', '1', '6', '', NULL, '11', '12', '2022-06-02', '1'),
(1654566128, '65102', 18, 'ลาป่วย', NULL, NULL, '2022-06-06', '2022-06-06', '1', 'ไม่สบาย ปวดหัว', '2022-03-22', '2022-03-22', '1', '-', '1', '1', '2', '', NULL, '11', '12', '2022-06-07', '1'),
(1654566412, '65103', 23, 'ลาป่วย', NULL, NULL, '2022-06-06', '2022-06-06', '1', 'ท้องเสีย', '2019-09-27', '2019-09-27', '1', '41 หมู่ 3 ต.นาพันสาม อ.เมือง จ.เพชรบุรี ', '0', '1', '1', '', NULL, '14', '12', '2022-06-07', '1'),
(1654571235, '65104', 16, 'ลาพักผ่อน', '20', '30', '2022-06-08', '2022-06-08', '1', NULL, NULL, NULL, NULL, '-', '5', '1', '6', 'หมอนัดที่โรงพยาบาลประจวบฯ', NULL, '14', '12', '2022-06-07', '1'),
(1654583878, '65105', 22, 'ลาพักผ่อน', '8', '18', '2022-06-08', '2022-06-08', '1', NULL, NULL, NULL, NULL, '-', '9.5', '1', '10.5', '-', NULL, '14', '12', '2022-06-07', '1'),
(1654655027, '65106', 35, 'ลาพักผ่อน', '4', '14', '2022-06-08', '2022-06-08', '0.5', NULL, NULL, NULL, NULL, '711 ม.7 ต.กุยบุรี จ.ประจวบฯ ', '7', '0.5', '7.5', 'ไปโรงพยาบาล', NULL, '14', '12', '2022-06-08', '1'),
(1655087674, '65107', 38, 'ลากิจส่วนตัว', NULL, NULL, '2022-06-20', '2022-06-20', '1', 'เดินทางไปต่างจังหวัด', '2022-06-02', '2022-06-02', '1', '529/228 หมู่ 22 บ้านแก่นทองธานี ซ.12 ตำบลบ้านเป็ด อ.เมือง จ.ขอนแก่น 40000', '2', '1', '3', '', NULL, '11', '12', '2022-06-13', '1'),
(1655087675, NULL, 14, 'ไปราชการ', NULL, NULL, '2022-07-19', '2022-07-19', '1', NULL, NULL, NULL, NULL, NULL, '99', NULL, NULL, 'เข้าร่วมโครงการกิจกรรมครอบครัวสัมพันธ์ รุ่นที่ 1/2565 (ศย.เพชรบุรี)', '610bbd1d3171e60b8fd0ae7f42f4c7ff.pdf', NULL, NULL, '2022-06-14 14:41:12', '1'),
(1655087676, NULL, 14, 'ไปราชการ', NULL, NULL, '2022-08-24', '2022-08-24', '1', NULL, NULL, NULL, NULL, NULL, '99', NULL, NULL, 'เข้าร่วมโครงการกิจกรรมครอบครัวสัมพันธ์ รุ่นที่ 2/2565 (ศย.เพชรบุรี)', NULL, NULL, NULL, '2022-06-14 14:41:44', '4'),
(1655261550, '65108', 12, 'ลาพักผ่อน', '12.5', '22.5', '2022-06-15', '2022-06-16', '1.5', NULL, NULL, NULL, NULL, '-', '7', '1.5', '8.5', '', NULL, '11', '12', '2022-06-15', '1'),
(1655434056, '65109', 1649645620, 'ลาพักผ่อน', '0', '10', '2022-06-24', '2022-06-24', '1', NULL, NULL, NULL, NULL, '340 ถ.พิทักษ์ชาติ ต.ประจวบ อ.เมือง จ.ประจวบคีรีขันธ์', '0', '1', '1', '', NULL, '11', '12', '2022-06-17', '1'),
(1655689311, '65110', 21, 'ลาป่วย', NULL, NULL, '2022-06-17', '2022-06-17', '1', 'ปวดศีรษะ', '2022-02-28', '2022-03-09', '8', '-', '12', '1', '13', '', NULL, '11', '12', '2022-06-20', '1'),
(1655775564, '65111', 22, 'ลาป่วย', NULL, NULL, '2022-06-20', '2022-06-20', '1', 'ปวดท้อง', '2022-01-13', '2022-01-13', '1', '-', '3.5', '1', '4.5', '', NULL, '11', '12', '2022-06-21', '1'),
(1655776670, '65114', 35, 'ลาพักผ่อน', '4', '14', '2022-06-21', '2022-06-21', '0.5', NULL, NULL, NULL, NULL, '711 ม.7 ต.กุยบุรี จ.ประจวบฯ ', '7.5', '0.5', '8', 'ไปโรงพยาบาล', NULL, '11', '12', '2022-06-21', '1'),
(1655880495, '65115', 38, 'ลากิจส่วนตัว', NULL, NULL, '2022-07-11', '2022-07-12', '2', 'เดินทางกลับภูมิลำเนาที่ต่างจังหวัด ซึ่งมีระยะทางห่างหน่วยงานประมาณ 734 กม.', '2022-06-20', '2022-06-20', '1', '529/228 หมู่ 22 บ้านแก่นทองธานี ซ.12 ตำบลบ้านเป็ด อ.เมือง จ.ขอนแก่น 40000', '3', '2', '5', '', NULL, '11', '12', '2022-06-22', '1'),
(1656037789, '65116', 49, 'ลาป่วย', NULL, NULL, '2022-06-23', '2022-06-23', '1', 'พักฟื้นอาการบาดเจ็บ', '', '', '', '193/12 ม.1 ถ.บางกรวย-ไทรน้อย ต.บางรักพัฒนา อ.บางบัวทอง จ.นนทบุรี 11110', '0', '1', '1', '', NULL, '11', '12', '2022-06-24', '1'),
(1656380105, '65117', 18, 'ลาพักผ่อน', '6.5', '16.5', '2022-06-30', '2022-06-30', '1', NULL, NULL, NULL, NULL, '-', '8', '1', '9', 'ไปงานศพ', NULL, '11', '12', '2022-06-28', '1'),
(1656381173, '65118', 23, 'ลาพักผ่อน', '5', '15', '2022-06-30', '2022-06-30', '1', NULL, NULL, NULL, NULL, '41 หมู่ 3 ต.นาพันสาม อ.เมือง จ.เพชรบุรี ', '9', '1', '10', '', NULL, '11', '12', '2022-06-28', '1'),
(1656381174, NULL, 14, 'ไปราชการ', NULL, NULL, '2022-08-25', '2022-08-25', '1', NULL, NULL, NULL, NULL, NULL, '99', NULL, NULL, 'โครงการ ศย.เพชรบุรี', NULL, NULL, NULL, '2022-06-28 09:10:51', '1'),
(1656382803, '65119', 35, 'ลาพักผ่อน', '4', '14', '2022-06-30', '2022-06-30', '1', NULL, NULL, NULL, NULL, '711 ม.7 ต.กุยบุรี จ.ประจวบฯ ', '8', '1', '9', 'ไปโรงพยาบาล', NULL, '11', '12', '2022-06-28', '1'),
(1656469206, '65120', 1649645620, 'ลาพักผ่อน', '0', '10', '2022-07-04', '2022-07-04', '1', NULL, NULL, NULL, NULL, '340 ถ.พิทักษ์ชาติ ต.ประจวบ อ.เมือง จ.ประจวบคีรีขันธ์', '1', '1', '2', '', NULL, '11', '12', '2022-06-29', '1'),
(1656568945, '65121', 49, 'ลาป่วย', NULL, NULL, '2022-06-29', '2022-06-29', '1', 'พบแพทย์', '2022-06-23', '2022-06-23', '1', '193/12 ม.1 ถ.บางกรวย-ไทรน้อย ต.บางรักพัฒนา อ.บางบัวทอง จ.นนทบุรี 11110', '1', '1', '2', 'ครั้งสุดท้าย ลาป่วยเมื่อ 23 มิ.ย. 65', NULL, '11', '12', '2022-06-30', '1'),
(1656643552, '65122', 1633007481, 'ลากิจส่วนตัว', NULL, NULL, '2022-07-11', '2022-07-19', '4', 'ไปร่วมงานรับปริญญาบุตรสาวที่ ม.ทักษิณ จ.สงขลา และพามารดาไปพบแพทย์ตามนัดที่โรงพยาบาลปัตตานี', '2022-02-08', '2022-02-09', '2', '0950938222', '2', '4', '6', '', NULL, '11', '12', '2022-07-01', '1'),
(1656643553, NULL, 1649645620, 'ไปราชการ', NULL, NULL, '2022-08-04', '2022-08-05', '2', NULL, NULL, NULL, NULL, NULL, '99', NULL, NULL, 'อบรมการบริหารพัสดุตามระเบียบกระทรวงการคลังว่าด้ายการจัดซื้อจัดจ้างและการบริหารพัสดุภาภรัฐ พ.ศ.2560', '83fe9cd0b028180b7b191534e5c02799.pdf', NULL, NULL, '2022-07-05 09:34:36', '1'),
(1656989781, '65123', 24, 'ลาป่วย', NULL, NULL, '2022-07-04', '2022-07-04', '1', 'เป็นไข้', '2022-02-10', '2022-02-10', '1', '-', '3', '1', '4', '', NULL, '11', '12', '2022-07-05', '1'),
(1658107852, '65124', 1649645620, 'ลาพักผ่อน', '0', '10', '2022-07-25', '2022-07-27', '3', NULL, NULL, NULL, NULL, '340 ถ.พิทักษ์ชาติ ต.ประจวบ อ.เมือง จ.ประจวบคีรีขันธ์', '2', '3', '5', '', NULL, '11', '12', '2022-07-18', '1'),
(1658111282, '65125', 1570438297, 'ลาป่วย', NULL, NULL, '2022-07-11', '2022-07-12', '2', 'ปวดท้อง', '2021-04-16', '2021-04-16', '1', '365 ต.ป่าบอน อ.ป่าบอน จ.พัทลุง 93170', '0', '2', '2', '', NULL, '11', '12', '2022-07-18', '1'),
(1658113192, '65126', 16, 'ลาพักผ่อน', '20', '30', '2022-07-20', '2022-07-20', '1', NULL, NULL, NULL, NULL, '-', '6', '1', '7', 'หมอนัด', NULL, '11', '12', '2022-07-18', '1'),
(1658114030, '65127', 22, 'ลาพักผ่อน', '8', '18', '2022-07-18', '2022-07-18', '0.5', NULL, NULL, NULL, NULL, '-', '10.5', '0.5', '11', '', NULL, '11', '12', '2022-07-18', '1'),
(1658195624, '65128', 38, 'ลากิจส่วนตัว', NULL, NULL, '2022-08-10', '2022-08-11', '2', 'เดินทางกลับภูมิลำเนาที่ต่างจังหวัด', '2022-07-11', '2022-07-12', '2', '529/228 หมู่ 22 บ้านแก่นทองธานี ซ.12 ตำบลบ้านเป็ด อ.เมือง จ.ขอนแก่น 40000', '5', '2', '7', '', NULL, '11', '12', '2022-07-19', '1'),
(1658367190, '65129', 13, 'ลาพักผ่อน', '19.5', '29.5', '2022-07-22', '2022-07-22', '1', NULL, NULL, NULL, NULL, '086 7526064,081 2340245', '5.5', '1', '6.5', 'ไปทำธุระส่วนตัว', NULL, '11', '12', '2022-07-21', '1'),
(1658368405, '65130', 1600744923, 'ลาพักผ่อน', '10', '20', '2022-07-22', '2022-07-22', '1', NULL, NULL, NULL, NULL, '-', '4', '1', '5', '', NULL, '11', '12', '2022-07-21', '1'),
(1658369042, '65131', 1633007481, 'ลาพักผ่อน', '14', '24', '2022-07-26', '2022-07-27', '2', NULL, NULL, NULL, NULL, '0950938222', '11', '2', '13', 'ไปเฝ้ามารดาผ่าตัดต้อกระจกที่โรงพยาบาลปัตตานี', NULL, '11', '12', '2022-07-21', '1'),
(1658369497, '65132', 12, 'ลาพักผ่อน', '12.5', '22.5', '2022-07-25', '2022-07-25', '1', NULL, NULL, NULL, NULL, '-', '8.5', '1', '9.5', '', NULL, '11', '12', '2022-07-21', '1'),
(1658462457, '65133', 16, 'ลาพักผ่อน', '20', '30', '2022-07-25', '2022-07-26', '2', NULL, NULL, NULL, NULL, '-', '7', '2', '9', 'ไปเยี่ยมลุงป่วยหนักที่จังหวัดนครศรีธรรมราช', NULL, '11', '12', '2022-07-22', '1'),
(1658711392, '65134', 1633006816, 'ลาพักผ่อน', '20', '30', '2022-07-27', '2022-07-27', '0.5', NULL, NULL, NULL, NULL, '', '1', '0.5', '1.5', 'ลาพักผ่อนช่วงบ่าย', NULL, '11', '12', '2022-07-25', '1'),
(1658713605, '65135', 18, 'ลาพักผ่อน', '6.5', '16.5', '2022-07-26', '2022-07-26', '1', NULL, NULL, NULL, NULL, '-', '10', '1', '11', 'ไปตรวจสุขภาพ', NULL, '11', '12', '2022-07-25', '1'),
(1658720570, '65136', 1633007273, 'ลากิจส่วนตัว', NULL, NULL, '2022-08-01', '2022-08-02', '2', 'พบแพทย์ตามกำหนดนัด', '2022-05-30', '2022-05-31', '2', '', '4', '2', '6', '', NULL, '', '12', '2022-07-25', '1'),
(1659324409, '65137', 1649532712, 'ลาพักผ่อน', '10', '20', '2022-08-01', '2022-08-08', '6', NULL, NULL, NULL, NULL, '', '5', '6', '11', '', NULL, '', '12', '2022-08-01', '1'),
(1659406377, '65138', 21, 'ลาพักผ่อน', '20', '30', '2022-08-03', '2022-08-03', '1', NULL, NULL, NULL, NULL, '-', '4.5', '1', '5.5', '', NULL, '14', '12', '2022-08-02', '1'),
(1659407842, '65139', 22, 'ลาป่วย', NULL, NULL, '2022-08-01', '2022-08-01', '1', 'เป็นไข้ ปวดศีรษะ', '2022-06-20', '2022-06-20', '1', '-', '4.5', '1', '5.5', '', NULL, '14', '12', '2022-08-02', '1'),
(1659590355, '65142', 35, 'ลาพักผ่อน', '4', '14', '2022-08-04', '2022-08-04', '1', NULL, NULL, NULL, NULL, '711 ม.7 ต.กุยบุรี จ.ประจวบฯ ', '9', '1', '10', 'ไปธุระ', NULL, '11', '12', '2022-08-04', '4'),
(1659923332, '65143', 1570438297, 'ลาพักผ่อน', '1', '11', '2022-08-11', '2022-08-11', '1', NULL, NULL, NULL, NULL, '365 ต.ป่าบอน อ.ป่าบอน จ.พัทลุง 93170', '9', '1', '10', '', NULL, '11', '12', '2022-08-08', '1'),
(1660013002, '65144', 1633006816, 'ลาพักผ่อน', '20', '30', '2022-08-11', '2022-08-11', '0.5', NULL, NULL, NULL, NULL, '-', '1.5', '0.5', '2', 'ลาพักผ่อนช่วงบ่าย', NULL, '11', '12', '2022-08-09', '1'),
(1660098244, '65145', 19, 'ลาพักผ่อน', '7', '17', '2022-08-16', '2022-08-19', '4', NULL, NULL, NULL, NULL, '183  หมู่บ้านหญ้าแก้ว  ตำบลประจวบฯ  อำเภอเมือง  จังหวัดประจวบคีรีขันธ์', '6', '4', '10', '', NULL, '11', '12', '2022-08-10', '1'),
(1660182127, '65146', 24, 'ลาป่วย', NULL, NULL, '2022-08-10', '2022-08-10', '0.5', 'ท้องเสีย', '2022-07-04', '2022-07-04', '1', '-', '4', '0.5', '4.5', '', NULL, '11', '12', '2022-08-11', '1'),
(1660633389, '65147', 45, 'ลากิจส่วนตัว', NULL, NULL, '2022-08-17', '2022-08-17', '1', 'ไปทำธุระส่วนตัว', '2022-02-18', '2022-02-18', '1', '-', '1', '1', '2', '', NULL, '11', '12', '2022-08-16', '1'),
(1660633390, NULL, 1615861935, 'ไปราชการ', NULL, NULL, '2022-08-19', '2022-08-19', '1', NULL, NULL, NULL, NULL, NULL, '99', NULL, NULL, 'เข้าร่วมโครงการวันรพี ภาค 7', NULL, NULL, NULL, '2022-08-17 16:17:01', '4'),
(1660633391, NULL, 1633007273, 'ไปราชการ', NULL, NULL, '2022-09-07', '2022-09-09', '3', NULL, NULL, NULL, NULL, NULL, '99', NULL, NULL, 'เข้าร่วมประชุมเชิงปฏิบัติการเพื่อประสานนโยบายประจำปี ณ ห้องแกรนด์บอลรูม กทม', NULL, NULL, NULL, '2022-08-17 16:18:42', '1'),
(1660787038, '65148', 35, 'ลาป่วย', NULL, NULL, '2022-08-08', '2022-08-08', '1', 'ปวดศีรษะ', '2022-03-01', '2022-03-01', '1', '711 ม.7 ต.กุยบุรี จ.ประจวบฯ ', '4.5', '1', '5.5', '', NULL, '11', '12', '2022-08-18', '1'),
(1660795969, '65149', 22, 'ลาพักผ่อน', '8', '18', '2022-08-22', '2022-08-22', '1', NULL, NULL, NULL, NULL, '0844124141', '11', '1', '12', '', NULL, '11', '12', '2022-08-18', '1'),
(1661392882, '65150', 19, 'ลากิจส่วนตัว', NULL, NULL, '2022-08-22', '2022-08-24', '3', 'ไปเฝ้าพี่สาวที่โรงพยาบาลสมเด็จพระพุทธเลิศล้า(จ.สมุทรสงคราม)', '', '', '', '0949159694', '0', '3', '3', '', NULL, '11', '12', '2022-08-25', '1'),
(1661405472, '65151', 38, 'ลาป่วย', NULL, NULL, '2022-09-19', '2022-09-21', '3', 'เดินทางกลับภูมิลำเนาที่ต่างจังหวัด,พบหมอฟัน', '2022-08-10', '2022-08-11', '2', '529/228 หมู่ 22 บ้านแก่นทองธานี ซ.12 ตำบลบ้านเป็ด อ.เมือง จ.ขอนแก่น 40000', '7', '3', '10', '', NULL, '11', '12', '2022-08-25', '4'),
(1661477386, '65152', 12, 'ลาพักผ่อน', '12.5', '22.5', '2022-08-29', '2022-08-29', '1', NULL, NULL, NULL, NULL, '-', '9.5', '1', '10.5', '', NULL, '11', '12', '2022-08-29', '1'),
(1661478256, '65153', 24, 'ลาพักผ่อน', '5', '15', '2022-08-26', '2022-08-26', '0.5', NULL, NULL, NULL, NULL, '-0610096020', '0', '0.5', '0.5', '', NULL, '11', '12', '2022-08-26', '1'),
(1661494819, '65154', 21, 'ลาป่วย', NULL, NULL, '2022-08-26', '2022-08-26', '0.5', 'ปวดศีรษะ', '2022-06-17', '2022-06-17', '1', '-', '13', '0.5', '13.5', '', NULL, '11', '12', '2022-08-26', '1'),
(1661737925, '65155', 1633007273, 'ลาพักผ่อน', '17.5', '27.5', '2022-08-31', '2022-09-02', '3', NULL, NULL, NULL, NULL, '', '13', '3', '16', '', NULL, '', '12', '2022-08-29', '1'),
(1661737926, NULL, 1649645620, 'ไปราชการ', NULL, NULL, '2022-09-06', '2022-09-06', '1', NULL, NULL, NULL, NULL, NULL, '99', NULL, NULL, 'อบรมเสริมสร้างสมรรถนะดานกฎหมายการเงินการคลัง(ศาลากลางจังหวัดประจวบ)', NULL, NULL, NULL, '2022-08-29 11:06:22', '1'),
(1661737927, NULL, 1649532480, 'ไปราชการ', NULL, NULL, '2022-09-06', '2022-09-07', '2', NULL, NULL, NULL, NULL, NULL, '99', NULL, NULL, 'ส่งเสริมบทบาทศาลยุติธรรมในการคุ้มครองสิทธิเสรีภาพของประชาชน  รร.แกรนด์แปซิฟิก ชะอำ', NULL, NULL, NULL, '2022-08-29 11:10:36', '1'),
(1661751962, '65156', 45, 'ลาป่วย', NULL, NULL, '2022-08-18', '2022-08-18', '1', 'ป่วย', '2022-08-17', '2022-08-17', '1', '-', '2', '1', '3', '', NULL, '11', '12', '2022-08-29', '4'),
(1661823618, '65157', 24, 'ลาป่วย', NULL, NULL, '2022-08-29', '2022-08-29', '0.5', 'ท้องเสีย', '2022-08-10', '2022-08-10', '0.5', '-', '4.5', '0.5', '5', '', NULL, '11', '12', '2022-08-30', '1'),
(1661824927, '65158', 38, 'ลากิจส่วนตัว', NULL, NULL, '2022-09-12', '2022-09-14', '3', 'เดินทางกลับภูมิลำเนาที่ต่างจังหวัด,พบหมอฟัน', '2022-08-10', '2022-08-11', '2', '529/228 หมู่ 22 บ้านแก่นทองธานี ซ.12 ตำบลบ้านเป็ด อ.เมือง จ.ขอนแก่น 40000', '7', '3', '10', '', NULL, '11', '12', '2022-08-30', '1'),
(1661824928, NULL, 13, 'ไปราชการ', NULL, NULL, '2022-09-07', '2022-09-09', '3', NULL, NULL, NULL, NULL, NULL, '99', NULL, NULL, 'เสนอผลงานนวัตกรรม 9 ภาค 1 ภาค 1 นวัตกรรม', NULL, NULL, NULL, '2022-09-01 12:40:32', '1'),
(1661824929, NULL, 23, 'ไปราชการ', NULL, NULL, '2022-09-07', '2022-09-09', '3', NULL, NULL, NULL, NULL, NULL, '99', NULL, NULL, 'เสนอผลงานนวัตกรรม 9 ภาค 1 ภาค 1 นวัตกรรม', NULL, NULL, NULL, '2022-09-01 12:40:48', '1'),
(1662084323, '65159', 1600744872, 'ลาพักผ่อน', '20', '30', '2022-09-06', '2022-09-06', '1', NULL, NULL, NULL, NULL, '', '2', '1', '3', '', NULL, '14', '12', '2022-09-02', '1'),
(1662342183, '65160', 35, 'ลาป่วย', NULL, NULL, '2022-09-02', '2022-09-02', '1', 'ปวดศีรษะ', '2022-08-08', '2022-08-08', '1', '711 ม.7 ต.กุยบุรี จ.ประจวบฯ ', '5.5', '1', '6.5', '', NULL, '11', '12', '2022-09-05', '1'),
(1662602003, '65161', 14, 'ลาพักผ่อน', '10', '20', '2022-09-12', '2022-09-15', '4', NULL, NULL, NULL, NULL, '-', '6', '4', '10', '', NULL, '14', '12', '2022-09-08', '1'),
(1662602255, '65162', 21, 'ลาพักผ่อน', '20', '30', '2022-09-09', '2022-09-12', '2', NULL, NULL, NULL, NULL, '-', '5.5', '2', '7.5', '', NULL, '14', '12', '2022-09-08', '1'),
(1662946810, '65163', 18, 'ลาพักผ่อน', '6.5', '16.5', '2022-09-16', '2022-09-16', '1', NULL, NULL, NULL, NULL, '-', '11', '1', '12', 'ไปทำธุระส่วนตัว', NULL, '11', '12', '2022-09-12', '1'),
(1662947664, '65164', 23, 'ลาพักผ่อน', '5', '15', '2022-09-16', '2022-09-16', '1', NULL, NULL, NULL, NULL, '41 หมู่ 3 ต.นาพันสาม อ.เมือง จ.เพชรบุรี ', '10', '1', '11', '', NULL, '11', '12', '2022-09-12', '1'),
(1662948268, '65165', 16, 'ลาพักผ่อน', '20', '30', '2022-09-14', '2022-09-14', '1', NULL, NULL, NULL, NULL, '-', '9', '1', '10', 'ไปโรงพยาบาลหมอนัด', NULL, '11', '12', '2022-09-12', '1'),
(1662949500, '65166', 35, 'ลาพักผ่อน', '4', '14', '2022-09-22', '2022-09-23', '2', NULL, NULL, NULL, NULL, '711 ม.7 ต.กุยบุรี จ.ประจวบฯ ', '9', '2', '11', 'ไปโรงพยาบาล', NULL, '11', '12', '2022-09-12', '1'),
(1662952254, '65167', 1570438297, 'ลาพักผ่อน', '1', '11', '2022-09-16', '2022-09-16', '1', NULL, NULL, NULL, NULL, '365 ต.ป่าบอน อ.ป่าบอน จ.พัทลุง 93170', '10', '1', '11', '', NULL, '11', '12', '2022-09-12', '1'),
(1663031392, '65168', 1600744872, 'ลาพักผ่อน', '20', '30', '2022-09-16', '2022-09-16', '1', NULL, NULL, NULL, NULL, '-', '3', '1', '4', 'เบอร์โทรศัพท์ 0841639079', NULL, '11', '12', '2022-09-13', '1'),
(1663037840, '65169', 22, 'ลาป่วย', NULL, NULL, '2022-09-12', '2022-09-12', '1', 'ปวดหลัง', '2022-08-01', '2022-08-01', '1', '-', '5.5', '1', '6.5', '', NULL, '11', '12', '2022-09-13', '1'),
(1663038288, '65170', 20, 'ลาพักผ่อน', '19.5', '29.5', '2022-09-15', '2022-09-16', '2', NULL, NULL, NULL, NULL, '173  ถนนเลียบทางรถไฟ-คลองวาฬ อำเภอเมือง จังหวัดประจวบคีรีขันธ์', '7.5', '2', '9.5', '', NULL, '11', '12', '2022-09-13', '1'),
(1663297579, '65171', 38, 'ลาป่วย', NULL, NULL, '2022-09-15', '2022-09-15', '1', 'ปวดฟัน เนื่องจากรากฟันผุ', '2022-05-18', '2022-05-18', '0.5', '529/228 หมู่ 22 บ้านแก่นทองธานี ซ.12 ตำบลบ้านเป็ด อ.เมือง จ.ขอนแก่น 40000', '3', '1', '4', '', NULL, '11', '12', '2022-09-16', '1'),
(1663498757, '65172', 13, 'ลาพักผ่อน', '19.5', '29.5', '2022-09-19', '2022-09-21', '3', NULL, NULL, NULL, NULL, '-', '6.5', '3', '9.5', '', NULL, '11', '12', '2022-09-18', '1'),
(1663551380, '65173', 1649645620, 'ลาพักผ่อน', '0', '10', '2022-09-26', '2022-09-26', '1', NULL, NULL, NULL, NULL, '340 ถ.พิทักษ์ชาติ ต.ประจวบ อ.เมือง จ.ประจวบคีรีขันธ์', '5', '1', '6', 'ไปธุระ', NULL, '11', '12', '2022-09-19', '1'),
(1663552533, '65174', 1633006816, 'ลาพักผ่อน', '20', '30', '2022-09-23', '2022-09-23', '0.5', NULL, NULL, NULL, NULL, '-', '2', '0.5', '2.5', '', NULL, '11', '12', '2022-09-19', '1'),
(1663554247, '65175', 22, 'ลาพักผ่อน', '8', '18', '2022-09-21', '2022-09-21', '1', NULL, NULL, NULL, NULL, '-', '12', '1', '13', '', NULL, '11', '12', '2022-09-19', '1'),
(1663557210, '65176', 1633007481, 'ลากิจส่วนตัว', NULL, NULL, '2022-09-26', '2022-09-30', '5', '้เดินทางไปจังหวัดปัตานี และจังหวัดสงขลา', '2022-07-11', '2022-07-18', '3', '0950938222', '5', '5', '10', '', NULL, '11', '12', '2022-09-19', '1'),
(1663727986, '65177', 49, 'ลาพักผ่อน', '8.5', '18.5', '2022-09-26', '2022-09-28', '3', NULL, NULL, NULL, NULL, '193/12 ม.1 ถ.บางกรวย-ไทรน้อย ต.บางรักพัฒนา อ.บางบัวทอง จ.นนทบุรี 11110', '9', '3', '12', '', NULL, '11', '12', '2022-09-21', '1'),
(1663811172, '65178', 12, 'ลาพักผ่อน', '12.5', '22.5', '2022-09-23', '2022-09-23', '1', NULL, NULL, NULL, NULL, '-', '10.5', '1', '11.5', '', NULL, '11', '12', '2022-09-22', '1'),
(1663914731, '65179', 19, 'ลาป่วย', NULL, NULL, '2022-09-23', '2022-09-23', '0.5', 'ปวดท้อง', '2022-05-25', '2022-05-26', '1.5', '183  หมู่บ้านหญ้าแก้ว  ตำบลประจวบฯ  อำเภอเมือง  จังหวัดประจวบคีรีขันธ์', '3.5', '0.5', '4', '', NULL, '11', '12', '2022-09-23', '1'),
(1664248992, '65180', 23, 'ลาพักผ่อน', '5', '15', '2022-09-30', '2022-09-30', '1', NULL, NULL, NULL, NULL, '41 หมู่ 3 ต.นาพันสาม อ.เมือง จ.เพชรบุรี ', '11', '1', '12', '', NULL, '11', '12', '2022-09-27', '1'),
(1664329422, '65181', 18, 'ลาพักผ่อน', '6.5', '16.5', '2022-09-30', '2022-09-30', '1', NULL, NULL, NULL, NULL, '-', '12', '1', '13', '', NULL, '11', '12', '2022-09-28', '1'),
(1664416299, '65182', 21, 'ลาป่วย', NULL, NULL, '2022-09-28', '2022-09-28', '1', 'ปวดศีรษะ', '2022-08-26', '2022-08-26', '0.5', '-', '13.5', '1', '14.5', '', NULL, '11', '12', '2022-09-29', '1'),
(1665105945, '65183', 16, 'ลาป่วย', NULL, NULL, '2022-10-06', '2022-10-06', '1', '', '2022-04-27', '2022-04-28', '1.5', '-', '0', '1', '1', 'ปวดศีรษะ', NULL, '11', '12', '2022-10-07', '1'),
(1665371537, '65184', 35, 'ลาพักผ่อน', '3', '13', '2022-10-11', '2022-10-11', '1', NULL, NULL, NULL, NULL, '711 ม.7 ต.กุยบุรี จ.ประจวบฯ ', '0', '1', '1', 'ไปธุระ', NULL, '11', '12', '2022-10-10', '1'),
(1665456329, '65185', 1633007273, 'ลากิจส่วนตัว', NULL, NULL, '2022-10-17', '2022-10-18', '2', 'พบแพทย์ตามกำหนดนัด', '2022-08-01', '2022-08-02', '2', '-', '0', '2', '2', '', NULL, '', '12', '2022-10-11', '1'),
(1665545104, '65186', 22, 'ลาพักผ่อน', '5', '15', '2022-10-12', '2022-10-12', '0.5', NULL, NULL, NULL, NULL, '-', '0', '0.5', '0.5', '', NULL, '11', '12', '2022-10-12', '1'),
(1666062669, '65187', 1663917084, 'ลาพักผ่อน', '20', '30', '2022-10-19', '2022-10-19', '1', NULL, NULL, NULL, NULL, '', '0', '1', '1', '', NULL, '15', '12', '2022-10-18', '1'),
(1666147187, '65188', 35, 'ลาพักผ่อน', '3', '13', '2022-10-20', '2022-10-20', '1', NULL, NULL, NULL, NULL, '711 ม.7 ต.กุยบุรี จ.ประจวบฯ ', '1', '1', '2', '', NULL, '11', '12', '2022-10-19', '1'),
(1666233253, '65189', 19, 'ลาพักผ่อน', '7', '17', '2022-10-21', '2022-10-21', '0.5', NULL, NULL, NULL, NULL, '183  หมู่บ้านหญ้าแก้ว  ตำบลประจวบฯ  อำเภอเมือง  จังหวัดประจวบคีรีขันธ์', '0', '0.5', '0.5', '', NULL, '11', '12', '2022-10-20', '1'),
(1666319937, '65190', 1663916960, 'ลาพักผ่อน', '3', '13', '2022-11-14', '2022-11-14', '1', NULL, NULL, NULL, NULL, '30/24 ถนนนารอง ต.ประจวบฯ อ.เมือง จ.ประจวบคีรีขันธ์', '0', '1', '1', '', NULL, '11', '12', '2022-10-21', '1'),
(1666661998, '65191', 1600744872, 'ลาพักผ่อน', '20', '30', '2022-10-28', '2022-10-28', '1', NULL, NULL, NULL, NULL, '-', '0', '1', '1', '', NULL, '11', '12', '2022-10-25', '1'),
(1667189750, '65192', 1663917187, 'ลาพักผ่อน', '7.5', '17.5', '2022-11-01', '2022-11-01', '0.5', NULL, NULL, NULL, NULL, '15 ม.2 ต.เขาแดง อ.กุยบุรี จ.ประจวบคีรีขันธ์ 77150', '0', '0.5', '0.5', 'ลาครึ่งวันเช้า', NULL, '11', '12', '2022-10-31', '1'),
(1667271657, '65193', 22, 'ลาป่วย', NULL, NULL, '2022-10-31', '2022-10-31', '1', 'ท้องเสีย', '2022-09-12', '2022-09-12', '1', '0844124141', '0', '1', '1', '', NULL, '11', '12', '2022-11-01', '1'),
(1667275245, '65194', 1633007273, 'ลากิจส่วนตัว', NULL, NULL, '2022-11-07', '2022-11-08', '2', 'พบแพทย์ตามกำหนดนัด', '2022-10-17', '2022-10-18', '2', '-', '2', '2', '4', '', NULL, '', '12', '2022-11-01', '1'),
(1667356361, '65195', 19, 'ลาป่วย', NULL, NULL, '2022-10-31', '2022-11-01', '2', 'เวียนศีรษะ', '2022-09-23', '2022-09-23', '0.5', '183  หมู่บ้านหญ้าแก้ว  ตำบลประจวบฯ  อำเภอเมือง  จังหวัดประจวบคีรีขันธ์', '0', '2', '2', '', NULL, '11', '12', '2022-11-02', '1'),
(1667439872, '65196', 1600744923, 'ลาป่วย', NULL, NULL, '2022-10-31', '2022-11-02', '3', 'ภาวะแท้งคุกคาม', '', '', '', '-', '0', '3', '3', '', NULL, '11', '12', '2022-11-03', '1'),
(1667787785, '65197', 18, 'ลาพักผ่อน', '3.5', '13.5', '2022-11-18', '2022-11-18', '1', NULL, NULL, NULL, NULL, '-', '0', '1', '1', 'ไปทำธุระส่วนตัว', NULL, '15', '12', '2022-11-07', '4'),
(1667787820, '65198', 23, 'ลาพักผ่อน', '3', '13', '2022-11-18', '2022-11-18', '1', NULL, NULL, NULL, NULL, '41 หมู่ 3 ต.นาพันสาม อ.เมือง จ.เพชรบุรี ', '0', '1', '1', '', NULL, '15', '12', '2022-11-07', '4'),
(1667877579, '65199', 20, 'ลาพักผ่อน', '20', '30', '2022-11-09', '2022-11-09', '1', NULL, NULL, NULL, NULL, '173  ถนนเลียบทางรถไฟ-คลองวาฬ อำเภอเมือง จังหวัดประจวบคีรีขันธ์', '0', '1', '1', 'พาบุตรชายไปพบแพทย์ที่โรงพยาบาลจุฬาลงกรณ์', NULL, '15', '12', '2022-11-08', '1'),
(1667959643, '65200', 21, 'ลาป่วย', NULL, NULL, '2022-11-08', '2022-11-08', '1', 'ปวดศีรษะ', '', '', '0', '-', '0', '1', '1', '', NULL, '11', '12', '2022-11-09', '1'),
(1667959644, NULL, 1633007273, 'ไปราชการ', NULL, NULL, '2022-12-02', '2022-12-02', '1', NULL, NULL, NULL, NULL, NULL, '99', NULL, NULL, 'ประชุม อ.ก.บ.ศ ภาค 7 ครั้งที่ 5/2565', NULL, NULL, NULL, '2022-11-09 13:26:08', '1'),
(1667959645, NULL, 1615861935, 'ไปราชการ', NULL, NULL, '2022-12-02', '2022-12-02', '1', NULL, NULL, NULL, NULL, NULL, '99', NULL, NULL, 'ประชุม อ.ก.บ.ศ ภาค 7 ครั้งที่ 5/2565', NULL, NULL, NULL, '2022-11-09 13:26:38', '1'),
(1668392590, '65201', 16, 'ลาพักผ่อน', '20', '30', '2022-11-16', '2022-11-16', '1', NULL, NULL, NULL, NULL, '-', '0', '1', '1', 'ไปโรงพยาบาลหมอนัด', NULL, '11', '12', '2022-11-14', '1'),
(1668393217, '65202', 24, 'ลาพักผ่อน', '5', '15', '2022-11-21', '2022-11-21', '1', NULL, NULL, NULL, NULL, '-', '0', '1', '1', 'ติดธุระ', NULL, '11', '12', '2022-11-14', '1'),
(1668393718, '65203', 12, 'ลาพักผ่อน', '11', '21', '2022-11-21', '2022-11-21', '1', NULL, NULL, NULL, NULL, '-', '0', '1', '1', '', NULL, '11', '12', '2022-11-14', '1'),
(1668393719, NULL, 1663917084, 'ไปราชการ', NULL, NULL, '2022-11-21', '2022-12-02', '10', NULL, NULL, NULL, NULL, NULL, '99', NULL, NULL, 'อบรมหลักสูตร \"การพัฒนาข้าราชการศาลยุติธรรมระดับกลาง\" รุ่นที่ 9', NULL, NULL, NULL, '2022-11-14 14:08:03', '1'),
(1668393720, NULL, 1633007273, 'ไปราชการ', NULL, NULL, '2022-11-17', '2022-11-17', '1', NULL, NULL, NULL, NULL, NULL, '99', NULL, NULL, 'โครงการ All for one', NULL, NULL, NULL, '2022-11-15 11:37:45', '1'),
(1668393721, NULL, 22, 'ไปราชการ', NULL, NULL, '2022-11-17', '2022-11-17', '1', NULL, NULL, NULL, NULL, NULL, '99', NULL, NULL, 'โครงการ All for one', NULL, NULL, NULL, '2022-11-15 11:38:06', '1'),
(1668393722, NULL, 13, 'ไปราชการ', NULL, NULL, '2022-11-17', '2022-11-17', '1', NULL, NULL, NULL, NULL, NULL, '99', NULL, NULL, 'โครงการ All for one', NULL, NULL, NULL, '2022-11-15 11:38:25', '1'),
(1668393723, NULL, 1633007273, 'ไปราชการ', NULL, NULL, '2022-11-30', '2022-11-30', '1', NULL, NULL, NULL, NULL, NULL, '99', NULL, NULL, 'โครงการบรรพชาสามเณร ศย.ราชบุรี', NULL, NULL, NULL, '2022-11-15 11:39:33', '4'),
(1668393724, NULL, 14, 'ไปราชการ', NULL, NULL, '2022-11-30', '2022-11-30', '1', NULL, NULL, NULL, NULL, NULL, '99', NULL, NULL, 'โครงการบรรพชาสามเณร ศย.ราชบุรี', NULL, NULL, NULL, '2022-11-15 11:39:50', '4'),
(1668393725, NULL, 22, 'ไปราชการ', NULL, NULL, '2022-11-30', '2022-11-30', '1', NULL, NULL, NULL, NULL, NULL, '99', NULL, NULL, 'โครงการบรรพชาสามเณร ศย.ราชบุรี', NULL, NULL, NULL, '2022-11-15 11:41:06', '4'),
(1668566977, '65204', 35, 'ลาพักผ่อน', '3', '13', '2022-11-21', '2022-11-21', '1', NULL, NULL, NULL, NULL, '711 ม.7 ต.กุยบุรี จ.ประจวบฯ ', '2', '1', '3', 'ไปธุระต่างจังหวัด', NULL, '11', '12', '2022-11-16', '1'),
(1668735849, '65205', 24, 'ลาป่วย', NULL, NULL, '2022-11-17', '2022-11-17', '0.5', 'ท้องเสีย', '2022-08-29', '2022-08-29', '0.5', '-', '0', '0.5', '0.5', '', NULL, '11', '12', '2022-11-18', '1'),
(1668735874, '65206', 18, 'ลาพักผ่อน', '3.5', '13.5', '2022-11-25', '2022-11-25', '1', NULL, NULL, NULL, NULL, '-', '0', '1', '1', 'ไปทำธุระส่วนตัว', NULL, '11', '12', '2022-11-18', '1'),
(1668736104, '65207', 14, 'ลาพักผ่อน', '10', '20', '2022-11-25', '2022-11-25', '1', NULL, NULL, NULL, NULL, '-', '0', '1', '1', '', NULL, '11', '12', '2022-11-18', '4'),
(1668736171, '65208', 23, 'ลาพักผ่อน', '3', '13', '2022-11-25', '2022-11-25', '1', NULL, NULL, NULL, NULL, '41 หมู่ 3 ต.นาพันสาม อ.เมือง จ.เพชรบุรี ', '0', '1', '1', '', NULL, '11', '12', '2022-11-18', '1'),
(1668740199, '65209', 1649645620, 'ลาพักผ่อน', '4', '14', '2022-11-24', '2022-11-24', '1', NULL, NULL, NULL, NULL, '340 ถ.พิทักษ์ชาติ ต.ประจวบ อ.เมือง จ.ประจวบคีรีขันธ์', '0', '1', '1', 'ไปโรงพยาบาล (หมอนัด)', NULL, '11', '12', '2022-11-18', '1'),
(1668746510, '65210', 1600744923, 'ลาพักผ่อน', '15', '25', '2022-11-18', '2022-11-18', '0.5', NULL, NULL, NULL, NULL, '-', '0', '0.5', '0.5', '', NULL, '11', '12', '2022-11-18', '1'),
(1669043139, '65211', 1600744923, 'ลาพักผ่อน', '10', '20', '2022-11-22', '2022-11-25', '4', NULL, NULL, NULL, NULL, '-', '0.5', '4', '4.5', '', NULL, '11', '12', '2022-11-21', '1'),
(1669082935, '65212', 1663916960, 'ลาป่วย', NULL, NULL, '2022-11-21', '2022-11-21', '1', 'ปวดกล้ามเนื้อ', '', '', '', '30/24 ถนนนารอง ต.ประจวบฯ อ.เมือง จ.ประจวบคีรีขันธ์', '0', '1', '1', '', NULL, '11', '12', '2022-11-22', '1'),
(1669171066, '65213', 35, 'ลาป่วย', NULL, NULL, '2022-11-22', '2022-11-22', '1', 'ปวดศีรษะ', '2022-09-02', '2022-09-02', '1', '711 ม.7 ต.กุยบุรี จ.ประจวบฯ ', '0', '1', '1', '', NULL, '11', '12', '2022-11-23', '1'),
(1669255970, '65214', 19, 'ลาพักผ่อน', '7', '17', '2022-11-28', '2022-11-28', '0.5', NULL, NULL, NULL, NULL, '183  หมู่บ้านหญ้าแก้ว  ตำบลประจวบฯ  อำเภอเมือง  จังหวัดประจวบคีรีขันธ์', '0.5', '0.5', '1', '', NULL, '11', '12', '2022-11-24', '1'),
(1669606919, '65215', 49, 'ลาพักผ่อน', '6.5', '16.5', '2022-12-01', '2022-12-02', '2', NULL, NULL, NULL, NULL, '193/12 ม.1 ถ.บางกรวย-ไทรน้อย ต.บางรักพัฒนา อ.บางบัวทอง จ.นนทบุรี 11110', '0', '2', '2', '', NULL, '11', '12', '2022-11-28', '1'),
(1669692256, '65216', 23, 'ลาป่วย', NULL, NULL, '2022-11-28', '2022-11-28', '1', 'ท้องเสีย', '2022-06-06', '2022-06-06', '1', '41 หมู่ 3 ต.นาพันสาม อ.เมือง จ.เพชรบุรี ', '0', '1', '1', '', NULL, '11', '12', '2022-11-29', '4'),
(1669768539, '65217', 1600744923, 'ลาพักผ่อน', '10', '20', '2022-11-30', '2022-12-02', '3', NULL, NULL, NULL, NULL, '-', '4.5', '3', '7.5', 'หมอสั่งให้นอนพัก(ตามใบรับรองแพทย์)', NULL, '11', '', '2022-11-30', '1'),
(1669771915, '65218', 1663916960, 'ลาพักผ่อน', '3', '13', '2022-12-06', '2022-12-06', '1', NULL, NULL, NULL, NULL, '30/24 ถนนนารอง ต.ประจวบฯ อ.เมือง จ.ประจวบคีรีขันธ์', '1', '1', '2', '', NULL, '11', '16', '2022-11-30', '1'),
(1669954871, '65219', 22, 'ลาพักผ่อน', '5', '15', '2022-12-13', '2022-12-14', '2', NULL, NULL, NULL, NULL, '-', '0.5', '2', '2.5', '', NULL, '15', '16', '2022-12-02', '1'),
(1670290777, '65220', 13, 'ลาพักผ่อน', '20', '30', '2022-12-07', '2022-12-09', '3', NULL, NULL, NULL, NULL, '50 หมู่ 12 ต.หินเหล็กไฟ  อ.หัวหิน จ.ประจวบคีรีขันธ์ 77110', '0', '3', '3', '', NULL, '11', '12', '2022-12-06', '1'),
(1670292653, '65221', 12, 'ลาพักผ่อน', '11', '21', '2022-12-07', '2022-12-07', '1', NULL, NULL, NULL, NULL, '-', '1', '1', '2', '', NULL, '11', '12', '2022-12-06', '1'),
(1670294415, '65222', 1600744923, 'ลาพักผ่อน', '10', '20', '2022-12-07', '2022-12-09', '3', NULL, NULL, NULL, NULL, '-', '7.5', '3', '10.5', '', NULL, '11', '12', '2022-12-06', '1'),
(1670294665, '65223', 1633007273, 'ลาพักผ่อน', '11.5', '21.5', '2022-12-13', '2022-12-16', '4', NULL, NULL, NULL, NULL, '', '0', '4', '4', '', NULL, '11', '12', '2022-12-06', '1'),
(1670379271, '65224', 18, 'ลาพักผ่อน', '3.5', '13.5', '2022-12-08', '2022-12-08', '1', NULL, NULL, NULL, NULL, '-', '1', '1', '2', 'ไปทำธุระส่วนตัว', NULL, '11', '12', '2022-12-07', '1'),
(1670380200, '65225', 23, 'ลาพักผ่อน', '3', '13', '2022-12-08', '2022-12-08', '1', NULL, NULL, NULL, NULL, '41 หมู่ 3 ต.นาพันสาม อ.เมือง จ.เพชรบุรี ', '1', '1', '2', '', NULL, '11', '12', '2022-12-07', '1'),
(1670380721, '65226', 16, 'ลาป่วย', NULL, NULL, '2022-12-06', '2022-12-06', '1', 'ปวดศีรษะ', '2022-10-06', '2022-10-06', '1', '-', '1', '1', '2', '', NULL, '11', '12', '2022-12-07', '1'),
(1670470860, '65227', 1649645620, 'ลาพักผ่อน', '4', '14', '2022-12-19', '2022-12-20', '2', NULL, NULL, NULL, NULL, '340 ถ.พิทักษ์ชาติ ต.ประจวบ อ.เมือง จ.ประจวบคีรีขันธ์', '1', '2', '3', 'ไปธุระ', NULL, '11', '12', '2022-12-08', '1'),
(1670470871, '65228', 19, 'ลาพักผ่อน', '7', '17', '2022-12-09', '2022-12-09', '0.5', NULL, NULL, NULL, NULL, '183  หมู่บ้านหญ้าแก้ว  ตำบลประจวบฯ  อำเภอเมือง  จังหวัดประจวบคีรีขันธ์', '1', '0.5', '1.5', '', NULL, '11', '12', '2022-12-08', '1'),
(1670472300, '65229', 20, 'ลาพักผ่อน', '20', '30', '2022-12-22', '2022-12-22', '1', NULL, NULL, NULL, NULL, '173  ถนนเลียบทางรถไฟ-คลองวาฬ อำเภอเมือง จังหวัดประจวบคีรีขันธ์', '1', '1', '2', 'พาบุตรชายไปพบแพทย์ที่โรงพยาบาลจุฬาลงกรณ์', NULL, '11', '12', '2022-12-23', '1'),
(1670988581, '65230', 1663917084, 'ลาพักผ่อน', '20', '30', '2022-12-16', '2022-12-16', '1', NULL, NULL, NULL, NULL, '', '1', '1', '2', '', NULL, '15', '12', '2022-12-14', '1'),
(1671090974, '65231', 35, 'ลาพักผ่อน', '3', '13', '2022-12-16', '2022-12-16', '1', NULL, NULL, NULL, NULL, '711 ม.7 ต.กุยบุรี จ.ประจวบฯ ', '3', '1', '4', 'ไปธุระต่างจังหวัด', NULL, '15', '12', '2022-12-15', '1'),
(1671155197, '65232', 14, 'ลาพักผ่อน', '10', '20', '2022-12-19', '2022-12-22', '4', NULL, NULL, NULL, NULL, '-', '0', '4', '4', '', NULL, '15', '12', '2022-12-16', '1'),
(1672021434, '65233', 1600744872, 'ลาพักผ่อน', '20', '30', '2023-01-04', '2023-01-06', '3', NULL, NULL, NULL, NULL, '-', '1', '3', '4', 'เบอร์โทรศัพท์ 0841639079', NULL, '11', '12', '2022-12-26', '1'),
(1672035598, '65234', 1663916960, 'ลาพักผ่อน', '3', '13', '2023-01-03', '2023-01-03', '1', NULL, NULL, NULL, NULL, '30/24 ถนนนารอง ตำบลประจวบคีรีขันธ์ อำเภอเมืองฯ จังหวัดประจวบคีรีขันธ์', '2', '1', '3', '', NULL, '11', '12', '2022-12-26', '1'),
(1689821435, '66001', 20, 'ลาป่วย', NULL, NULL, '2023-07-19', '2023-07-19', '1', 'ปวดศีรษะ', '2023-02-01', '2023-02-01', '1', '173  ถนนเลียบทางรถไฟ-คลองวาฬ อำเภอเมือง จังหวัดประจวบคีรีขันธ์', '1', '1', '2', '', NULL, '11', '12', '2023-07-20', '1'),
(1690162140, '66130', 1663917084, 'ลาพักผ่อน', '20', '30', '2023-07-24', '2023-07-24', '.5', NULL, NULL, NULL, NULL, '-', '4', '.5', '4.5', '', NULL, '15', '16', '2023-07-24', '1'),
(1690184865, '66114', 24, 'ลาป่วย', NULL, NULL, '2023-07-06', '2023-07-06', '1', 'ปวดท้อง', '2023-06-06', '2023-06-07', '2', '', '8', '1', '9', '', NULL, '', '', '2023-07-24', '1'),
(1690185236, '66115', 1663917187, 'ลาป่วย', NULL, NULL, '2023-06-27', '2023-06-27', '1', '', '2022-07-11', '2022-07-11', '1', '', '0', '1', '1', '', NULL, '', '', '2023-06-30', '1'),
(1690185404, '66116', 1689822099, 'ลาป่วย', NULL, NULL, '2023-07-03', '2023-07-03', '1', 'ปวดศีรษะ', '2023-06-06', '2023-06-06', '1', '', '2', '1', '3', '', NULL, '', '', '2023-07-04', '1'),
(1690185476, '66117', 1663916960, 'ลาพักผ่อน', '3', '13', '2023-07-31', '2023-07-31', '1', NULL, NULL, NULL, NULL, '', '5', '1', '6', '', NULL, '', '', '2023-07-25', '4'),
(1690185634, '66118', 1633007273, 'ลาพักผ่อน', '11.5', '21.5', '2023-07-05', '2023-07-07', '2.5', NULL, NULL, NULL, NULL, '', '7.5', '2.5', '10', '', NULL, '', '', '2023-07-04', '1'),
(1690185701, '66119', 1689822099, 'ลาพักผ่อน', '0', '10', '2023-07-20', '2023-07-21', '2', NULL, NULL, NULL, NULL, '', '8', '2', '10', '', NULL, '', '', '2023-07-05', '1'),
(1690185839, '66122', 12, 'ลาพักผ่อน', '11', '21', '2023-07-12', '2023-07-14', '3', NULL, NULL, NULL, NULL, '', '10.5', '3', '13.5', '', NULL, '', '', '2023-07-07', '1'),
(1690185986, '66124', 16, 'ลาพักผ่อน', '20', '30', '2023-07-11', '2023-07-11', '1', NULL, NULL, NULL, NULL, '', '7', '1', '8', '', NULL, '', '', '2023-07-07', '1'),
(1690186052, '66125', 1663916960, 'ลาพักผ่อน', '3', '13', '2023-07-10', '2023-07-11', '1.5', NULL, NULL, NULL, NULL, '', '6', '1.5', '7.5', '', NULL, '', '', '2023-07-10', '1'),
(1690186299, '66126', 1649645620, 'ลาพักผ่อน', '4', '14', '2023-07-14', '2023-07-14', '1', NULL, NULL, NULL, NULL, '', '9', '1', '10', '', NULL, '', '', '2023-07-10', '1'),
(1690186327, '66127', 1649645620, 'ลาพักผ่อน', '4', '14', '2023-07-27', '2023-07-27', '1', NULL, NULL, NULL, NULL, '', '10', '1', '11', '', NULL, '', '', '2023-07-17', '1'),
(1690186380, '66128', 14, 'ลาพักผ่อน', '10', '20', '2023-07-21', '2023-07-21', '0.5', NULL, NULL, NULL, NULL, '', '5.5', '0.5', '6', '', NULL, '', '', '2023-07-17', '1'),
(1690186381, NULL, 22, 'ไปราชการ', NULL, NULL, '2023-07-25', '2023-07-25', '1', NULL, NULL, NULL, NULL, NULL, '99', NULL, NULL, 'ประชุม อกบศ ภาค 7 นครปฐม', NULL, NULL, NULL, '2023-07-24 16:14:51', '1'),
(1690186382, NULL, 1633007273, 'ไปราชการ', NULL, NULL, '2023-07-25', '2023-07-25', '1', NULL, NULL, NULL, NULL, NULL, '99', NULL, NULL, 'ประชุม อกบศ ภาค 7 นครปฐม', NULL, NULL, NULL, '2023-07-24 16:15:14', '1'),
(1690186383, NULL, 1689743212, 'ไปราชการ', NULL, NULL, '2023-07-25', '2023-07-25', '1', NULL, NULL, NULL, NULL, NULL, '99', NULL, NULL, 'ประชุม อกบศ ภาค 7 นครปฐม', NULL, NULL, NULL, '2023-07-24 16:15:48', '1'),
(1690344887, '66131', 22, 'ลาพักผ่อน', '5', '15', '2023-07-26', '2023-07-26', '0.5', NULL, NULL, NULL, NULL, '', '8', '0.5', '8.5', '', NULL, '11', '12', '2023-07-26', '1'),
(1690426773, '66132', 1689822031, 'ลากิจส่วนตัว', NULL, NULL, '2023-08-04', '2023-08-04', '1', 'ติดต่อราชการ', '2023-05-31', '2023-05-31', '1', '', '1.5', '1', '2.5', '', NULL, '', '', '2023-07-27', '4'),
(1690428611, '66133', 16, 'ลาพักผ่อน', '20', '30', '2023-08-03', '2023-08-04', '2', NULL, NULL, NULL, NULL, '-', '8', '2', '10', 'ไปงานศพลุงที่จังหวัดนครศรีธรรมราช', NULL, '11', '12', '2023-07-27', '1'),
(1691027132, '66134', 21, 'ลาพักผ่อน', '20', '30', '2023-08-04', '2023-08-04', '1', NULL, NULL, NULL, NULL, '-', '4.5', '1', '5.5', '', NULL, '11', '12', '2023-08-03', '1'),
(1691044106, '66135', 1663917187, 'ลาพักผ่อน', '7.5', '17.5', '2023-08-04', '2023-08-04', '0.5', NULL, NULL, NULL, NULL, '15 ม.2 ต.เขาแดง อ.กุยบุรี จ.ประจวบคีรีขันธ์ 77150', '5.5', '0.5', '6', 'ลาครึ่งวันบ่าย', NULL, '11', '12', '2023-08-03', '1'),
(1691044107, NULL, 35, 'ไปราชการ', NULL, NULL, '2023-07-20', '2023-07-20', '0.5', NULL, NULL, NULL, NULL, NULL, '99', NULL, NULL, 'ครึ่งวันเช้า', NULL, NULL, NULL, '2023-08-03 14:03:13', '1'),
(1691044108, NULL, 1649645620, 'ไปราชการ', NULL, NULL, '2023-07-24', '2023-07-26', '3', NULL, NULL, NULL, NULL, NULL, '99', NULL, NULL, '', NULL, NULL, NULL, '2023-08-03 14:03:29', '1'),
(1691044109, NULL, 22, 'ไปราชการ', NULL, NULL, '2023-07-07', '2023-07-07', '1', NULL, NULL, NULL, NULL, NULL, '99', NULL, NULL, '', NULL, NULL, NULL, '2023-08-03 15:09:55', '1'),
(1691044110, NULL, 1663917187, 'ไปราชการ', NULL, NULL, '2023-08-29', '2023-08-29', '1', NULL, NULL, NULL, NULL, NULL, '99', NULL, NULL, 'โครงการฝึกอบรม \"เสริมสร้างสมรรถนะด้านกฎหมายการเงินการคลัง และการปฏิบัติงานในระบบบริหารการเงินการคลังภาครัฐด้วยระบบอิเล็กทรอนิกส์ (GFMIS) กิจกรรมเพิ่มพูนความรู้ด้านกฎหมายพัสดุ\"', NULL, NULL, NULL, '2023-08-03 16:16:21', '1'),
(1691044111, NULL, 14, 'ไปราชการ', NULL, NULL, '2023-08-09', '2023-08-09', '1', NULL, NULL, NULL, NULL, NULL, '99', NULL, NULL, 'ร่วมโครงการศาลเยาวชนเพชรบุรี', NULL, NULL, NULL, '2023-08-03 17:42:13', '1'),
(1691044112, NULL, 1649645620, 'ไปราชการ', NULL, NULL, '2023-08-08', '2023-08-08', '1', NULL, NULL, NULL, NULL, NULL, '99', NULL, NULL, 'อบรมโครงการ ดูแลกระดูกอย่างไรให้แข็งแรง ศาลจังหวัดประจวบฯ', NULL, NULL, NULL, '2023-08-03 17:43:20', '1'),
(1691044113, NULL, 1663917084, 'ไปราชการ', NULL, NULL, '2023-08-08', '2023-08-08', '1', NULL, NULL, NULL, NULL, NULL, '99', NULL, NULL, 'อบรมโครงการ ดูแลกระดูกอย่างไรให้แข็งแรง ศาลจังหวัดประจวบฯ', NULL, NULL, NULL, '2023-08-03 17:43:56', '1'),
(1691044114, NULL, 16, 'ไปราชการ', NULL, NULL, '2023-08-08', '2023-08-08', '1', NULL, NULL, NULL, NULL, NULL, '99', NULL, NULL, 'อบรมโครงการ ดูแลกระดูกอย่างไรให้แข็งแรง ศาลจังหวัดประจวบฯ', NULL, NULL, NULL, '2023-08-03 17:44:53', '1'),
(1691122003, '66136', 1663916960, 'ลาพักผ่อน', '3', '13', '2023-08-21', '2023-08-21', '1', NULL, NULL, NULL, NULL, '-', '6.5', '1', '7.5', '', NULL, '11', '12', '2023-08-04', '1'),
(1691463296, '66137', 19, 'ลาพักผ่อน', '7', '17', '2023-08-11', '2023-08-11', '1', NULL, NULL, NULL, NULL, '183  หมู่บ้านหญ้าแก้ว  ตำบลประจวบฯ  อำเภอเมือง  จังหวัดประจวบคีรีขันธ์', '4.5', '1', '5.5', '', NULL, '11', '12', '2023-08-08', '1'),
(1691463805, '66138', 20, 'ลาพักผ่อน', '20', '30', '2023-08-09', '2023-08-09', '1', NULL, NULL, NULL, NULL, '173  ถนนเลียบทางรถไฟ-คลองวาฬ อำเภอเมือง จังหวัดประจวบคีรีขันธ์', '9.5', '1', '10.5', '', NULL, '11', '12', '2023-08-08', '1'),
(1691463806, NULL, 1689743212, 'ไปราชการ', NULL, NULL, '2023-08-18', '2023-08-20', '3', NULL, NULL, NULL, NULL, NULL, '99', NULL, NULL, 'ร่วมสัมมนาโครงการวิชาการสัญจร ประจำปีงบประมาณ พ.ศ.2566 (1 วันทำการ)', NULL, NULL, NULL, '2023-08-08 15:32:04', '1'),
(1691546751, '66139', 1689743212, 'ลาพักผ่อน', '30', '40', '2023-08-11', '2023-08-11', '1', NULL, NULL, NULL, NULL, '', '7', '1', '8', '', NULL, '', '', '2023-08-09', '1'),
(1691637012, '66140', 35, 'ลาพักผ่อน', '3', '13', '2023-08-22', '2023-08-22', '1', NULL, NULL, NULL, NULL, '711 ม.7 ต.กุยบุรี จ.ประจวบฯ ', '4', '1', '5', 'ไปธุระ', NULL, '11', '12', '2023-08-10', '1'),
(1691638675, '66141', 24, 'ลาพักผ่อน', '5', '15', '2023-08-10', '2023-08-10', '.05', NULL, NULL, NULL, NULL, '-', '1', '.05', '1.05', '', NULL, '11', '12', '2023-08-10', '1'),
(1691639721, '66142', 35, 'ลาพักผ่อน', '3', '13', '2023-08-11', '2023-08-11', '1', NULL, NULL, NULL, NULL, '711 ม.7 ต.กุยบุรี จ.ประจวบฯ ', '10', '1', '11', 'ไปธุระ', NULL, '11', '12', '2023-08-10', '1'),
(1692063993, '66143', 1663916960, 'ลาป่วย', NULL, NULL, '2023-08-11', '2023-08-11', '1', 'เป็นไข้หวัด', '2022-11-21', '2022-11-21', '1', '-', '1', '1', '2', '', NULL, '11', '12', '2023-08-15', '1'),
(1692064176, '66144', 1663916960, 'ลาพักผ่อน', '3', '13', '2023-08-16', '2023-08-16', '0.5', NULL, NULL, NULL, NULL, '-', '7.5', '0.5', '8', '', NULL, '11', '12', '2023-08-15', '1'),
(1692064177, NULL, 14, 'ไปราชการ', NULL, NULL, '2023-08-21', '2023-08-22', '2', NULL, NULL, NULL, NULL, NULL, '99', NULL, NULL, 'อบรมโครงการ\"พัฒนาศักยภาพการดำเนินงานศูนย์พึ่งได้และระบบการดูแลช่วยเหลือเด็ก', NULL, NULL, NULL, '2023-08-15 20:45:22', '1'),
(1692064178, NULL, 14, 'ไปราชการ', NULL, NULL, '2023-08-24', '2023-08-24', '1', NULL, NULL, NULL, NULL, NULL, '99', NULL, NULL, 'อบรมโครงการ\"พัฒนาศักยภาพการดำเนินงานศูนย์พึ่งได้และระบบการดูแลช่วยเหลือเด็ก', NULL, NULL, NULL, '2023-08-15 20:45:42', '1'),
(1692252574, '66145', 20, 'ลาพักผ่อน', '20', '30', '2023-08-18', '2023-08-18', '1', NULL, NULL, NULL, NULL, '173  ถนนเลียบทางรถไฟ-คลองวาฬ อำเภอเมือง จังหวัดประจวบคีรีขันธ์', '10.5', '1', '11.5', '', NULL, '11', '12', '2023-08-17', '1'),
(1692674490, '66146', 22, 'ลาป่วย', NULL, NULL, '2023-08-21', '2023-08-21', '1', 'ปวดหลัง', '2023-05-15', '2023-05-15', '1', '', '5', '1', '6', '', NULL, '11', '12', '2023-08-22', '1'),
(1692674491, NULL, 1633007273, 'ไปราชการ', NULL, NULL, '2023-09-11', '2023-09-13', '3', NULL, NULL, NULL, NULL, NULL, '99', NULL, NULL, 'ประชุมเชิงปฏิบัติการประสานนโยบายประจำปี', NULL, NULL, NULL, '2023-08-22 10:35:07', '1'),
(1692696154, '66147', 1689822031, 'ลากิจส่วนตัว', NULL, NULL, '2023-08-30', '2023-08-30', '1', 'ผ่าตัดรากเทียม', '2023-05-31', '2023-05-31', '1', '', '1.5', '1', '2.5', '', NULL, '', '', '2023-08-22', '1'),
(1692842131, '66148', 49, 'ลาพักผ่อน', '6.5', '16.5', '2023-08-28', '2023-08-28', '1', NULL, NULL, NULL, NULL, '193/12 ม.1 ถ.บางกรวย-ไทรน้อย ต.บางรักพัฒนา อ.บางบัวทอง จ.นนทบุรี 11110', '3', '1', '4', '', NULL, '11', '12', '2023-08-24', '1'),
(1693188154, '66149', 21, 'ลาพักผ่อน', '20', '30', '2023-08-28', '2023-08-28', '0.5', NULL, NULL, NULL, NULL, '-', '5.5', '0.5', '6', '', NULL, '11', '12', '2023-08-28', '1'),
(1693193319, '66150', 23, 'ลาพักผ่อน', '3', '13', '2023-09-01', '2023-09-01', '1', NULL, NULL, NULL, NULL, '41 หมู่ 3 ต.นาพันสาม อ.เมือง จ.เพชรบุรี ', '6', '1', '7', '', NULL, '11', '12', '2023-08-28', '1');
INSERT INTO `bila` (`id`, `running`, `user_id`, `cat`, `p1`, `p2`, `date_begin`, `date_end`, `date_total`, `due`, `dateO_begin`, `dateO_end`, `dateO_total`, `address`, `t1`, `t2`, `t3`, `comment`, `file`, `po`, `bigboss`, `date_create`, `status`) VALUES
(1693193492, '66151', 18, 'ลาพักผ่อน', '3.5', '13.5', '2023-09-01', '2023-09-01', '1', NULL, NULL, NULL, NULL, '-', '6', '1', '7', '', NULL, '11', '12', '2023-08-28', '1'),
(1693283625, '66152', 1663917084, 'ลาพักผ่อน', '20', '30', '2023-09-01', '2023-09-01', '1', NULL, NULL, NULL, NULL, '-', '4.5', '1', '5.5', '', NULL, '11', '12', '2023-08-29', '1'),
(1693289578, '66153', 1689743212, 'ลาพักผ่อน', '20', '30', '2023-09-01', '2023-09-01', '1', NULL, NULL, NULL, NULL, '', '8', '1', '9', '', NULL, '', '', '2023-08-29', '1');

-- --------------------------------------------------------

--
-- Table structure for table `dep`
--

CREATE TABLE `dep` (
  `id` int(11) NOT NULL,
  `name` varchar(255) COLLATE utf8_unicode_ci NOT NULL,
  `date_create` varchar(255) COLLATE utf8_unicode_ci DEFAULT NULL
) ENGINE=InnoDB DEFAULT CHARSET=utf8 COLLATE=utf8_unicode_ci;

--
-- Dumping data for table `dep`
--

INSERT INTO `dep` (`id`, `name`, `date_create`) VALUES
(1, 'พนักงานคอมพิวเตอร์', '2019-08-10 17:45:49'),
(2, 'นักวิชาการคอมพิวเตอร์', '2019-08-10 17:45:49'),
(3, 'เจ้าหน้าที่ศาลยุติธรรมปฏิบัติงาน', '2019-08-10 17:45:49'),
(4, 'เจ้าหน้าที่ศาลยุติธรรมชำนาญงาน', '2019-08-10 17:45:49'),
(5, 'นักจิตวิทยาปฏิบัติการ', '2019-08-10 17:45:49'),
(6, 'พนักงานสถานที่', '2019-08-10 17:45:49'),
(7, 'พนักงานขับรถยนต์', '2019-08-10 17:45:49'),
(8, 'เจ้าหน้าที่ศาลยุติธรรม', '2019-08-10 17:45:49'),
(9, 'เจ้าพนักงานศาลยุติธรรมปฏิบัติการ', '2019-08-10 17:45:49'),
(10, 'นิติกรชำนาญการ', '2019-08-10 17:45:49'),
(11, 'เจ้าพนักงานศาลยุติธรรมชำนาญการ', '2019-08-10 17:45:49'),
(12, 'นักวิชาการเงินและบัญชีปฏิบัติการ', '2019-08-10 17:45:49'),
(13, 'เจ้าพนักงานศาลยุติธรรมชำนาญการพิเศษ', '2019-08-10 17:45:49'),
(14, 'นิติกร', '2019-08-10 17:45:49'),
(15, 'ผู้อำนวยการฯ', '2019-08-10 17:45:49'),
(17, 'พนักงานขับรถยนต์(จ้างเหมา)', NULL),
(18, 'ผู้พิพากษา', NULL),
(19, 'นิติกรชำนาญการพิเศษ', NULL),
(20, 'เจ้าพนักงานการเงินและบัญชีปฏิบัติงาน', NULL),
(21, 'นักจิตวิทยาชำนาญการ', NULL),
(22, 'ผู้พิพากษาหัวหน้าศาลเยาวชนและครอบครัวจังหวัดประจวบคีรีขันธ์', NULL),
(23, 'ผู้พิพากษาหัวหน้าคณะชั้นต้นในศาลเยาวชนและครอบครัวจังหวัดประจวบคีรีขันธ์', NULL);

-- --------------------------------------------------------

--
-- Table structure for table `fname`
--

CREATE TABLE `fname` (
  `id` int(11) NOT NULL,
  `name` varchar(255) COLLATE utf8_unicode_ci NOT NULL,
  `date_create` varchar(255) COLLATE utf8_unicode_ci DEFAULT NULL
) ENGINE=InnoDB DEFAULT CHARSET=utf8 COLLATE=utf8_unicode_ci;

--
-- Dumping data for table `fname`
--

INSERT INTO `fname` (`id`, `name`, `date_create`) VALUES
(1, 'นาย', '2019-08-10 17:45:49'),
(2, 'นาง', '2019-08-10 17:45:50'),
(3, 'นางสาว', '2019-08-10 17:45:50'),
(4, 'พันจ่าเอก', NULL),
(5, 'พ.ต.อ.', NULL),
(6, 'พท.', NULL);

-- --------------------------------------------------------

--
-- Table structure for table `group`
--

CREATE TABLE `group` (
  `id` int(11) NOT NULL,
  `name` varchar(255) COLLATE utf8_unicode_ci NOT NULL,
  `date_create` varchar(255) COLLATE utf8_unicode_ci DEFAULT NULL
) ENGINE=InnoDB DEFAULT CHARSET=utf8 COLLATE=utf8_unicode_ci;

--
-- Dumping data for table `group`
--

INSERT INTO `group` (`id`, `name`, `date_create`) VALUES
(1, 'ผู้อำนวยการฯ', '2019-10-06 18:49:32'),
(2, 'กลุ่มงานช่วยอำนวยการ', '2019-10-06 18:49:32'),
(3, 'กลุ่มงานช่วยพิจารณาคดี', '2019-10-06 18:49:32'),
(4, 'กลุ่มงานคดี', '2019-10-06 18:49:32'),
(5, 'กลุ่มงานคลัง', '2019-10-06 18:49:32'),
(6, 'กลุ่มงานปริการประชาชนและประชาสัมพันธ์', '2019-10-06 18:49:32'),
(7, 'กลุ่มงานไกล่เกลี่ยและประนอมข้อพิพาท', '2019-10-06 18:49:32'),
(8, 'ผู้พิพากษา', NULL);

-- --------------------------------------------------------

--
-- Table structure for table `line`
--

CREATE TABLE `line` (
  `id` int(11) NOT NULL,
  `name` varchar(255) COLLATE utf8_unicode_ci NOT NULL,
  `token` varchar(255) COLLATE utf8_unicode_ci DEFAULT NULL,
  `status` smallint(6) DEFAULT 1
) ENGINE=InnoDB DEFAULT CHARSET=utf8 COLLATE=utf8_unicode_ci;

--
-- Dumping data for table `line`
--

INSERT INTO `line` (`id`, `name`, `token`, `status`) VALUES
(8, 'user', 'N2wD8vfKP7Muw4NgfVEBw76EivJsWJQYLHeiAkhrZyO', 1),
(17, 'admin', 'StzWTl6iwQfwKKZPqsHxLrx6Ie6g4GPiTnVaXaJzIKa ', 1),
(18, 'id2323', '6EqNuNJNqV8PccmW6AMFCuV6XfIF4vtYN5hpeGXcj8D', 1),
(20, 'bila_admin', '3qoYxbqQJw3GfUx7btPPOnFKGkNXJqCUtDTLglfMeMw', 1),
(22, 'prizekumu', 'UkTH3duYJYpEl1RxmtVVuWZoWQzr3RefANc3HzD8Znq', 1),
(23, 'ven', '72bPVwppZfiMjDoiH6V5i6lygBiD1zPtPDOezUrk7L5', 1),
(24, 'kung7', 'GbcSwyrtT3kGvEX9AGQqeUg4lt6kEiSR8kDWqdk4Yxv', 1),
(25, 'b48080626', 'pz2Bvdn5tqVs9B5ystk5i9k0gmdI2DfHx5hkqzDq8vo', 1),
(26, 'id08', 'Bx0plAFJHLT1m22UjDI26wmcKwCWfTr2ql7bUluKChZ', 1),
(27, 'blueshirt', '72bPVwppZfiMjDoiH6V5i6lygBiD1zPtPDOezUrk7L5', 1),
(28, 'ที่ปรึกษากฎหมาย', '7dzvFSLTW0VNMYpiy1OtR3zOSEQ9dEjtjh2lvFC2XoE', 1),
(31, 'admin99', 'IyslHk6PFQceFZJhZOkl9vxBDI3V5FcpewzKpmxvsMF', 1),
(32, 'LineGroupG', 'zCaNve4bPNP6oE5SWgvRCjzR2mDfungliwdLZlEZaAF', 1),
(34, 'somtop', 'tDqaOOJxIZRZFr6XKpkA7i9SZ13eV0vdcNs8d6QvTGL', 1),
(36, '1234', 'CthptOzCDhhJrJKe6qplGHzZmfYRK5SXikIJQ0Ny0LO', 1),
(37, '9929', 'Ufjr5sXXdYT27mtWUYsSHXtKdDhd01etJlcFOW0vEKm', 1),
(38, 'LineGroup', '72bPVwppZfiMjDoiH6V5i6lygBiD1zPtPDOezUrk7L5', 1),
(39, 'ven_admin', '3qoYxbqQJw3GfUx7btPPOnFKGkNXJqCUtDTLglfMeMw', 1);

-- --------------------------------------------------------

--
-- Table structure for table `line_home`
--

CREATE TABLE `line_home` (
  `id` int(11) NOT NULL,
  `client_id` varchar(255) COLLATE utf8_unicode_ci DEFAULT NULL,
  `client_secret` varchar(255) COLLATE utf8_unicode_ci DEFAULT NULL,
  `name_ser` varchar(255) COLLATE utf8_unicode_ci DEFAULT NULL,
  `api_url` varchar(255) COLLATE utf8_unicode_ci DEFAULT NULL,
  `callback_url` varchar(255) COLLATE utf8_unicode_ci DEFAULT NULL
) ENGINE=InnoDB DEFAULT CHARSET=utf8 COLLATE=utf8_unicode_ci;

--
-- Dumping data for table `line_home`
--

INSERT INTO `line_home` (`id`, `client_id`, `client_secret`, `name_ser`, `api_url`, `callback_url`) VALUES
(1, '4FLzeUXbqtIa5moAG1wtel', 'zJyajyRcooJePqyLBzjWGJA9Zu7rRL6qTC0h8fYn0Xp', 'webPk', 'http://10.37.64.1/main/web/line/line_index', 'http://10.37.64.1/main/web/line/callback'),
(2, '4FLzeUXbqtIa5moAG1wtel', 'zJyajyRcooJePqyLBzjWGJA9Zu7rRL6qTC0h8fYn0Xp', 'webPk_user', 'http://10.37.64.1/main/web/user/line_index', 'http://10.37.64.1/main/web/user/callback'),
(3, 'pkkjc.coj@gmail.com', 'AIzaSyAvnzp5llmhRFnDzKQaHp0rSiNFansR_2k', 'googleCal', '', '');

-- --------------------------------------------------------

--
-- Table structure for table `ppss`
--

CREATE TABLE `ppss` (
  `id` int(11) NOT NULL,
  `name` varchar(255) COLLATE utf8_unicode_ci DEFAULT NULL,
  `black` varchar(255) COLLATE utf8_unicode_ci DEFAULT NULL,
  `red` varchar(255) COLLATE utf8_unicode_ci DEFAULT NULL,
  `persecutor` varchar(255) COLLATE utf8_unicode_ci DEFAULT NULL,
  `accused` varchar(255) COLLATE utf8_unicode_ci DEFAULT NULL,
  `page` int(5) DEFAULT NULL,
  `note` text COLLATE utf8_unicode_ci DEFAULT NULL,
  `file` varchar(255) COLLATE utf8_unicode_ci DEFAULT NULL,
  `file2` varchar(255) COLLATE utf8_unicode_ci DEFAULT NULL,
  `create_at` datetime DEFAULT NULL,
  `create_own` varchar(255) COLLATE utf8_unicode_ci DEFAULT NULL
) ENGINE=InnoDB DEFAULT CHARSET=utf8 COLLATE=utf8_unicode_ci;

--
-- Dumping data for table `ppss`
--

INSERT INTO `ppss` (`id`, `name`, `black`, `red`, `persecutor`, `accused`, `page`, `note`, `file`, `file2`, `create_at`, `create_own`) VALUES
(1, 'ยชอ58/2562', NULL, 'ยชอ92/62', 'พนักงานอัยการคดีเยาวชนและครอบครัวจังหวัดประจวบคีรีขันธ์', 'นายธันวาหรือทัน ฉินะสถิน', 11, NULL, 'f50aac24d5ccbafe43a01f2d098323e2.pdf', 'c5188f0f574c339496ebcd9da9022030.pdf', '2019-10-21 10:38:09', '23'),
(2, 'ยชอ39/62', NULL, NULL, NULL, NULL, NULL, NULL, '19955574bb4959c5e0f0452286c5e1bc.pdf', '9574845d5872e36a8796a40d0e0303d3.pdf', '2019-11-04 15:24:15', '18'),
(3, 'ยชอ27/62', NULL, NULL, NULL, NULL, NULL, NULL, '9501bad2ebee0bf79557af3c1c7f5f97.pdf', '496f29099b1ec742c754038a2d580a3f.pdf', '2019-11-21 14:34:15', '21'),
(4, 'ยชพ23/62', NULL, NULL, NULL, NULL, NULL, NULL, 'daa43effe239173016f2c1ddc0864e98.pdf', '80d8c255fabfe6b763fff222d8b69c3f.pdf', '2019-11-21 14:34:52', '21'),
(5, 'ยชอ63/62', NULL, NULL, NULL, NULL, NULL, NULL, 'd998cf8c3155605e6bb644f9598671ce.pdf', '5e5df9125d8678bd9eac945d209ef6c5.pdf', '2019-12-03 14:16:31', '18'),
(6, 'ยชพ97/62', NULL, NULL, NULL, NULL, NULL, NULL, '8f3bc8b417ba35328c4452663cbfc3da.pdf', 'ec3151d234461e3432d2e58964b8b7ae.pdf', '2020-01-23 16:14:25', '18'),
(7, 'ยชอ81/62', NULL, NULL, NULL, NULL, NULL, NULL, '8f84532ac1c3a72e725e2e6168c17f5f.pdf', 'b04e1156aaa45e2d5c3efc91d4401107.pdf', '2020-02-04 10:03:48', '18'),
(8, 'ยชอ108/62', NULL, NULL, NULL, NULL, NULL, NULL, '', '901431d02e32aad0ac824f56a13bd06e.pdf', '2020-03-11 14:42:01', '21'),
(9, 'ยชอ108/62', NULL, NULL, NULL, NULL, NULL, NULL, 'aaed4f745b4ddaeecb0da5895f0a1189.pdf', '', '2020-03-25 15:43:29', '13');

-- --------------------------------------------------------

--
-- Table structure for table `profile`
--

CREATE TABLE `profile` (
  `id` int(11) NOT NULL,
  `user_id` varchar(255) COLLATE utf8_unicode_ci DEFAULT NULL,
  `id_card` varchar(255) COLLATE utf8_unicode_ci DEFAULT NULL,
  `fname` varchar(25) COLLATE utf8_unicode_ci DEFAULT NULL,
  `name` varchar(255) COLLATE utf8_unicode_ci DEFAULT NULL,
  `sname` varchar(255) COLLATE utf8_unicode_ci DEFAULT NULL,
  `img` varchar(255) COLLATE utf8_unicode_ci DEFAULT NULL,
  `birthday` date DEFAULT NULL,
  `bloodtype` varchar(255) COLLATE utf8_unicode_ci DEFAULT NULL,
  `dep` varchar(255) COLLATE utf8_unicode_ci DEFAULT NULL,
  `workgroup` varchar(255) COLLATE utf8_unicode_ci DEFAULT NULL,
  `address` varchar(255) COLLATE utf8_unicode_ci DEFAULT NULL,
  `phone` varchar(255) COLLATE utf8_unicode_ci DEFAULT NULL,
  `bank_account` varchar(100) COLLATE utf8_unicode_ci DEFAULT NULL,
  `bank_comment` varchar(200) COLLATE utf8_unicode_ci DEFAULT NULL,
  `status` smallint(6) DEFAULT 10,
  `created_at` datetime DEFAULT NULL,
  `updated_at` datetime DEFAULT NULL,
  `st` smallint(6) DEFAULT NULL
) ENGINE=InnoDB DEFAULT CHARSET=utf8 COLLATE=utf8_unicode_ci;

--
-- Dumping data for table `profile`
--

INSERT INTO `profile` (`id`, `user_id`, `id_card`, `fname`, `name`, `sname`, `img`, `birthday`, `bloodtype`, `dep`, `workgroup`, `address`, `phone`, `bank_account`, `bank_comment`, `status`, `created_at`, `updated_at`, `st`) VALUES
(9, '9', '3779900104062', 'นางสาว', 'สุทธินี', 'ตรงชิต', 'a646991171ead3ed21147413e089c57c.jpg', NULL, 'A', 'เจ้าพนักงานศาลยุติธรรมชำนาญการพิเศษ', 'กลุ่มงานคดี', '', '0909804895', NULL, NULL, 0, '2017-06-12 08:01:03', '2022-11-18 11:32:20', 9999),
(12, '12', '3860200299155', 'นางสาว', 'ดลยา', 'เยาวหลี', '6338e23012b9b65c0836a0e0a978a950.jpg', NULL, 'A', 'เจ้าพนักงานศาลยุติธรรมชำนาญการ', 'กลุ่มงานคดี', '-', '08-9521-3842', '715-0-34957-9', 'กรุงไทย/ประจวบฯ', 10, '2017-06-12 08:11:15', '2018-11-10 13:49:31', 207),
(13, '13', '3770700042944', 'นาย', 'เอกชวัทธน์ ', 'สาระเกตุ', 'ca0517232b57be6ab4ded30684190030.jpg', '1978-09-23', 'A', 'เจ้าพนักงานศาลยุติธรรมชำนาญการ', 'กลุ่มงานช่วยพิจารณาคดี', '50 หมู่ 12 ต.หินเหล็กไฟ  อ.หัวหิน จ.ประจวบคีรีขันธ์ 77110', '08-6752-6064', '715-0-32810-5', 'กรุงไทย/ประจวบฯ', 10, '2017-06-12 08:11:46', '2018-11-10 13:49:31', 208),
(14, '14', '1739900030097', 'นางสาว', 'อภิญญา', 'ท้วมจุ้ย', '28bb4b90a9d7ae05d821145adbaaba32.jpg', NULL, 'A', 'นักจิตวิทยาชำนาญการ', 'กลุ่มงานช่วยพิจารณาคดี', '', '08-4801-4396', '984-0-90298-9', 'กรุงไทย/โลตัส ประจวบฯ', 10, '2017-05-18 06:18:21', '2018-11-10 13:49:31', 209),
(15, '15', '3860100826536', 'นางสาว', 'วาสินี ', 'กมลกุล', 'c6c3aaa27c6d828083e8756754d3d19e.jpg', NULL, 'A', 'เจ้าพนักงานศาลยุติธรรมปฏิบัติการ', NULL, '', '0862699405', NULL, NULL, 0, '2017-06-12 08:12:44', '2022-11-18 11:32:55', 9999),
(16, '16', '3809900198848', 'นางสาว', 'โชติกา', 'ดีดอนกลาย ', 'b5e5862aba6b6a22880462586c976c24.jpg', NULL, 'A', 'เจ้าหน้าที่ศาลยุติธรรมชำนาญงาน', 'กลุ่มงานช่วยอำนวยการ', '', '08-6886-2701', '715-1-52135-9', 'กรุงไทย/ประจวบฯ', 10, '2017-06-12 08:15:03', '2018-11-10 13:49:31', 213),
(18, '18', '3909900266419', 'นางสาว', 'พิมพ์พร ', 'สาตร์สาคร ', 'da69ae14a5dd358df3e72dff55fdf0e5.jpg', NULL, 'A', 'เจ้าหน้าที่ศาลยุติธรรมชำนาญงาน', 'กลุ่มงานช่วยพิจารณาคดี', '', '09-2604-0588', '985-6-89045-4', 'กรุงไทย/โลตัส ประจวบฯ', 10, '2017-05-18 06:22:49', '2018-11-10 13:49:31', 216),
(19, '19', '5770100017457', 'นาง', 'วลัยพร ', 'สายทอง ', '658b5b6deb927f9debd0da9ed1cc9e89.jpg', NULL, 'A', 'เจ้าหน้าที่ศาลยุติธรรมชำนาญงาน', 'กลุ่มงานคดี', '183  หมู่บ้านหญ้าแก้ว  ตำบลประจวบฯ  อำเภอเมือง  จังหวัดประจวบคีรีขันธ์', '09-4915-9694', '715-1-45673-5', 'กรุงไทย/ประจวบฯ', 10, '2018-01-31 02:37:05', '2018-11-10 13:49:31', 214),
(20, '20', '3779900157913', 'นาง', 'นุจรีย์', 'สุขจินดา', '02832a8e70f87998dd3e6d7c2192fed7.jpg', '2017-10-10', 'B', 'เจ้าหน้าที่ศาลยุติธรรมชำนาญงาน', 'กลุ่มงานคดี', '173  ถนนเลียบทางรถไฟ-คลองวาฬ อำเภอเมือง จังหวัดประจวบคีรีขันธ์', '09-1010-0159', '715-0-08465-6', 'กรุงไทย/ประจวบฯ', 10, '2018-01-31 02:38:08', '2023-08-02 10:47:17', 215),
(21, '21', '3770100008346', 'นางสาว', 'นงนุช ', 'ใจเสงี่ยม', 'c1d1619884de01b799700c2c0a648bfd.jpg', NULL, 'A', 'เจ้าหน้าที่ศาลยุติธรรมชำนาญงาน', 'กลุ่มงานช่วยพิจารณาคดี', '-', '06-4950-9388', '715-0-28374-8', 'กรุงไทย/ประจวบฯ', 10, '2018-01-31 02:40:10', '2018-11-10 13:49:31', 217),
(22, '22', '3779900035532', 'นาย', 'วิชาญ', 'วุฒิชาติวิจิตรกุล ', 'ea725a66e44012ed15c32d11df4784c6.jpg', NULL, 'A', 'พนักงานขับรถยนต์', 'กลุ่มงานคลัง', '', '08-4412-4141', '715-1-44036-7', 'กรุงไทย/ประจวบฯ', 10, '2017-06-12 08:14:22', '2018-11-10 13:49:31', 219),
(23, '23', '3-7601-00601-15-2', 'นาย', 'พเยาว์', 'สนพลาย', 'ac9ed9c557dd8b320d2ada088ef132e7.jpg', '1981-02-12', 'A', 'พนักงานคอมพิวเตอร์', 'กลุ่มงานช่วยอำนวยการ', '41 หมู่ 3 ต.นาพันสาม อ.เมือง จ.เพชรบุรี ', '06-2398-4242', '715-0-28868-5', 'กรุงไทย/ประจวบฯ', 10, '2017-06-15 02:56:52', '2018-11-10 13:49:31', 220),
(24, '24', '3770100564028', 'นาย', 'ฐานัน ', 'อยู่หนุน', '2ebf9295e7a9865a3e4ca85e94276b24.jpg', NULL, 'A', 'พนักงานสถานที่', '', '', '06-1009-6020', '715-0-13650-8', 'กรุงไทย/ประจวบฯ', 10, '2017-05-18 06:24:14', '2018-11-10 13:49:31', 221),
(35, '35', '3770200243606', 'นางสาว', 'เนตรนภา ', 'เกิดเปี่ยม', 'f766627d1896adf8cfd7498f320bb38a.jpg', '1980-09-17', 'A', 'เจ้าพนักงานศาลยุติธรรมชำนาญการพิเศษ', 'กลุ่มงานช่วยพิจารณาคดี', '711 ม.7 ต.กุยบุรี จ.ประจวบฯ ', '08-1234-0291', '860-0-01503-0', 'กรุงไทย/ศาลอาญา', 10, '2017-11-22 04:48:58', '2018-11-10 13:49:31', 205),
(36, '36', '1869900059884', 'นางสาว', 'วิชชุดา ', 'ศุภวิมุติ', 'b6c14438687cf5236c9a5268baa8dcc9.jpg', '1986-10-30', 'O', 'เจ้าพนักงานการเงินและบัญชีปฏิบัติงาน', 'กลุ่มงานคลัง', '2/1 หมู่ 4 ต.นาทุ่ง อ.เมือง จ.ชุมพร ', '0887687703', NULL, NULL, 0, '2017-06-12 06:30:27', '2022-11-18 11:33:07', 9999),
(37, '37', '1-2408-00136-63-9', 'นางสาว', 'อรณี ', 'คะสุระ', '537fe94df5bc30bcb4e57413b0c13bde.jpg', '1994-01-01', 'O', 'นิติกร', NULL, '42 ซ.3 สุขสมบูรณ์ ถ.ดอนเหียง ต.ประจวบคีรีขันธ์ อ.ประจวบคีรีขันธ์ จ.ประจวบคีรีขันธ์ ,ที่อยู่ปัจจุบัน สำนักสงฆ์พุทธสิงขร หมู่ 6 บ้านด่านสิงขร ต.คลองวาฬ อ.เมือง จ.ประจวบคีรีขันธ์ 77000', '09-2534-6272', NULL, NULL, 0, '2017-08-03 04:24:59', '2022-11-18 11:33:14', 9999),
(38, '38', '3451100016903', 'นาง', 'แววตา', 'พรมบุตร', 'd2713155a53eefdb996bac3c3c9dbc32.jpg', '1973-09-21', 'O', 'นิติกรชำนาญการ', 'กลุ่มงานปริการประชาชนและประชาสัมพันธ์', '529/228 หมู่ 22 บ้านแก่นทองธานี ซ.12 ตำบลบ้านเป็ด อ.เมือง จ.ขอนแก่น 40000', '0982607761', '3073029990', 'กรุงไทย/ชัยภูมิ', 0, '2018-01-09 03:10:58', '2022-11-18 11:32:41', 9999),
(39, '39', '3409900634986', 'นางสาว', 'ฐิตาภา', 'เชื้อทอง', '2a68ce751ceed5ee6e71739e83539ca6.jpg', '1974-06-07', 'A', 'นิติกรชำนาญการ', 'กลุ่มงานไกล่เกลี่ยและประนอมข้อพิพาท', '160/169 หมู่ 2 ถนน ชาตะผดุง ตำบล ในเมือง อำเภอเมือง จ.ขอนแก่น', '08-1380-7313', NULL, NULL, 0, '2017-11-30 02:40:03', '2022-11-18 11:32:47', 9999),
(40, '40', '3-7701-00076-61-9', 'นางสาว', 'ดวงกมล', 'กลัดสมบูรณ์', '1112e3df928c996f9c85bed469fe52fb.jpg', '1968-12-07', 'A', 'เจ้าพนักงานศาลยุติธรรมชำนาญการ', NULL, '543/25 หมู่ 2 ถ.เพชรเกษม ต.เกาะหลัก อ.เมือง จ.ประจวบคีรีขันธ์', '08-1946-4369', NULL, NULL, 0, '2017-12-04 04:11:11', '2022-11-18 11:32:08', 9999),
(41, '41', '1539900203252', 'นางสาว', 'พรพรรณ', 'น้อยขัน', 'bd0e63e2e7f4ab6a476d3898db20667a.jpg', NULL, NULL, 'นักวิชาการเงินและบัญชีปฏิบัติการ', NULL, '', '0890058211', NULL, NULL, 0, '2018-12-19 14:23:29', '2022-11-18 11:32:31', 9999),
(42, '42', '3100100254334', 'นางสาว', 'สิริลักษณ์', 'จานุกิจ', '6771491982e40c12ba966f0ff1e78294.jpg', NULL, NULL, 'ผู้อำนวยการฯ', NULL, '', '0645859868', NULL, NULL, 0, '2019-01-22 13:35:34', '2022-11-18 11:30:29', 9999),
(43, '43', '3860100349371', 'นางสาว', 'ศตพร', 'ชิตรัตฐา', 'cda89340dc24d058d0e75bd1a7754e3b.jpg', NULL, NULL, 'เจ้าหน้าที่ศาลยุติธรรม', '', '61/1 ม.9 ต.หาดพันไกร อ.เมือง จ.ชุมพร', '0658855172', NULL, NULL, 0, '2019-01-24 15:35:00', '2022-11-18 11:30:36', 9999),
(44, '44', '3801000248272', 'นาง', 'อาภาพร', 'จินา', '9d8a8a00f8c8bf6de94532c597401c61.jpg', NULL, NULL, 'เจ้าพนักงานศาลยุติธรรมชำนาญการพิเศษ', 'กลุ่มช่วยอำนวยการ', '', '0862787942', NULL, NULL, 0, NULL, '2022-11-18 11:31:59', 9999),
(45, '45', '1209700564891', 'นางสาว', 'ธนวรรณ', 'วัดวิไล', '9c49d11ebb94b88df0f533a521240cf1.jpg', NULL, NULL, 'นิติกร', 'กลุ่มงานปริการประชาชนและประชาสัมพันธ์', '', '0999137055', NULL, NULL, 10, NULL, NULL, 222),
(49, '49', '1100700990426', 'นาย', 'ศิรสิทธิ์', 'ศรีเสาวนันท์', '74b2d7e459b5e30f9d02e9f8972a4d80.jpg', NULL, NULL, 'นักจิตวิทยาปฏิบัติการ', 'กลุ่มงานช่วยพิจารณาคดี', '193/12 ม.1 ถ.บางกรวย-ไทรน้อย ต.บางรักพัฒนา อ.บางบัวทอง จ.นนทบุรี 11110', '09-0978-9580', '051-0-08072-3', 'กรุงไทย/วรจักร', 10, NULL, '2023-08-26 09:36:37', 212),
(1565684760, '1565684760', '', 'นาย', 'us', 'er', NULL, NULL, NULL, '', NULL, '', '', NULL, NULL, 0, NULL, '2022-11-18 11:30:24', 9999),
(1566445991, '1566445991', '', 'นาย', 'admin', 'admin', 'user_1566445991_120123.jpg', NULL, NULL, '', '', '', '', NULL, NULL, 10, NULL, '2022-12-06 11:59:30', 0),
(1569480008, '1569480008', '3120101002126', 'นาง', 'สุรารักษ์', 'กิจสโชค', 'e8ca89ac1baa3dd62852e845592e7528.jpg', '1964-06-25', NULL, 'ผู้อำนวยการฯ', NULL, '', '0649340361', NULL, NULL, 0, NULL, '2022-11-18 11:30:52', 9999),
(1570435393, '1570435393', '17107700004647', 'นางสาว', 'อุบลกาญจน์', 'ปานแดง', 'cbda14cb18e236aee1fd3648a25a12b2.jpg', '1985-04-27', NULL, 'เจ้าพนักงานศาลยุติธรรมปฏิบัติการ', 'กลุ่มช่วยอำนวยการ', '177 หมู่ 1 ต.ท่าขนุน อ.ทองภาภูมิ จ.กาญจนบุรี 71180', '0922945693', NULL, NULL, 0, NULL, '2022-11-18 11:30:47', 9999),
(1570438297, '1570438297', '1930400036711', 'นางสาว', 'จุฑามาศ ', 'ขาวทอง', '6c73e516f872c8902e2181259bf68222.jpg', '1987-04-27', NULL, 'นักวิชาการเงินและบัญชีปฏิบัติการ', 'กลุ่มงานคลัง', '365 ต.ป่าบอน อ.ป่าบอน จ.พัทลุง 93170', '0939042198', '7150502695', 'กรุงไทย/ประจวบฯ', 0, NULL, '2022-11-18 11:33:01', 9999),
(1572237346, '1572237346', '', 'นาย', 'อนุสรณ์', 'นันทกิจโกศล', 'a5f22c7436a4a45563ba8b4be9e81f61.jpg', NULL, NULL, 'พนักงานขับรถยนต์(จ้างเหมา)', 'กลุ่มงานปริการประชาชนและประชาสัมพันธ์', '', '0830689035', NULL, NULL, 10, NULL, NULL, 224),
(1577326133, '1577326133', '', 'นาง', 'รัชดาวดี ', 'กาญจนขจิต', NULL, NULL, NULL, '', '', '', '', NULL, NULL, 0, NULL, '2022-11-18 11:30:41', 9999),
(1577326188, '1577326188', '', 'นาย', 'เมธี', 'วรรณวีระ', NULL, NULL, NULL, '', '', '', '', NULL, NULL, 0, NULL, '2022-11-18 11:31:23', 9999),
(1577326247, '1577326247', '1-8013-00015-86-2', 'นาย', 'จิรวัฒน์', 'จันทร์สงแก้ว', 'c6b54ae263f55191cdacf97279c02515.jpg', NULL, NULL, '', '', '', '0868862701', NULL, NULL, 0, NULL, '2022-11-18 11:31:38', 9999),
(1584069733, '1584069733', '', 'นาย', 'ธรัชต์', 'จีระตระกูล', '1c415e83fc2e4524a86ae4e797b79b9c.jpg', '1958-01-31', NULL, 'ผู้พิพากษา', '', '', '0982800286', NULL, NULL, 0, NULL, '2022-11-18 11:31:18', 9999),
(1584069861, '1584069861', '3-1020-01864-20-9', 'นางสาว', 'กชมน', 'ทิพยรัตน์', 'fcdac52e4f7d488d232dfbd3b48750bf.jpg', NULL, NULL, 'ผู้พิพากษา', '', '', '0922596920', NULL, NULL, 0, NULL, '2022-11-18 11:31:47', 9999),
(1584946173, '1584946173', '3770100342688', 'นางสาว', 'ไพเราะ', 'สุภาภา', 'dec0b5248bd842bd3824074aebf1b474.jpg', NULL, NULL, 'เจ้าพนักงานศาลยุติธรรมชำนาญการพิเศษ', 'กลุ่มช่วยอำนวยการ', '', '0953651866', NULL, NULL, 0, NULL, '2022-11-18 11:31:53', 9999),
(1585798864, '1585798864', '', 'นางสาว', 'วรรณพร', 'โพธิ์อำไพ', NULL, NULL, NULL, '', '', '', '', NULL, NULL, 10, NULL, NULL, 225),
(1600744872, '1600744872', '3700100097721', 'นาย', 'ชาญเดช', 'งามทรัพย์', '2f062e39e29ba5c210aa83c5a06a493e.jpg', NULL, NULL, 'นิติกรชำนาญการพิเศษ', 'กลุ่มงานไกล่เกลี่ยและประนอมข้อพิพาท', '', '08-4163-9079', '679-7-56270-8', 'กรุงไทย/เทสโก้โลตัสประจวบฯ', 10, NULL, NULL, 203),
(1600744923, '1600744923', '3770600519757', 'นางสาว', 'บุญญาพร', 'บุญแท้', '382925619a11916ec50fec19efeb4f4f.jpg', NULL, NULL, 'เจ้าพนักงานศาลยุติธรรมปฏิบัติการ', 'กลุ่มงานช่วยอำนวยการ', '', '0960929560', '715-0-13012-7', 'กรุงไทย/ประจวบฯ', 10, NULL, '2023-08-26 09:36:22', 210),
(1615861935, '1615861935', '5-1015-99033-79-8', 'นางสาว', 'วราภรณ์', 'คริศณุ', 'user_1615861935_145906.jpg', NULL, NULL, 'ผู้พิพากษา', 'ผู้พิพากษา', '', '0922593946', '0071270523', 'กรุงไทย/อนุเสาวรีย์ชัยสมรภูมิ', 1, NULL, '2023-07-20 09:58:43', 999),
(1633006816, '1633006816', '3769900033131', 'นาง', 'นัยนา', 'นาคชู', '106e53906f9150a53d2fe0eb734ce950.jpg', NULL, NULL, 'เจ้าพนักงานศาลยุติธรรมชำนาญการพิเศษ', 'กลุ่มช่วยอำนวยการ', '', '0614354419', '7150055125', 'กรุงไทย/ประจวบ', 0, NULL, '2022-11-18 11:32:26', 9999),
(1633007273, '1633007273', '3101203014515', 'นางสาว', 'วนิดา', 'พิพัฒน์นภาพร', 'user_1633007273_150552.jpg', NULL, NULL, 'ผู้อำนวยการฯ', '', '', '09-5364-3116', '058-1-29823-3', 'กรุงไทย/บางขุนนนท์', 10, NULL, '2022-11-18 11:34:06', 201),
(1633007481, '1633007481', '3940400164104', 'นาง', 'วัลภา', 'สุภาภา', '926cf6b74087a0265366e5415fbaf256.jpg', NULL, NULL, 'เจ้าพนักงานศาลยุติธรรมชำนาญการพิเศษ', 'กลุ่มงานคดี', '', '095-093-8222', '7151528973', 'กรุงไทย/ประจวบ', 0, NULL, '2022-11-18 11:32:15', 9999),
(1649532480, '1649532480', '', 'นาย', 'อุเทน', 'บัวอ่อน', 'user_1649532480_150412.jpg', NULL, NULL, 'ผู้พิพากษา', 'ผู้พิพากษา', '', '0655170460', '0540173533', 'กรุงไทย/บางขุนเทียน', 1, NULL, '2023-07-20 09:58:51', 999),
(1649532712, '1649532712', '', 'นาย', 'ณัฐวุฒิ', 'ทุติยาภรณ์', 'user_1649532712_150501.jpg', NULL, NULL, 'ผู้พิพากษา', 'ผู้พิพากษา', '', '0926585145', '9839809733', 'กรุงไทย/เพลินนารี', 1, NULL, '2023-07-20 09:58:58', 999),
(1649645620, '1649645620', '1102002652861', 'นางสาว', 'กาญจนา', 'กิจสินธุ', '27f40f607bee60dc4315b3f904ececbd.jpg', NULL, NULL, 'เจ้าพนักงานการเงินและบัญชีปฏิบัติงาน', 'กลุ่มงานคลัง', '', '08-2252-9782', '480-0-35750-0', 'กรุงไทย/รังสิต-นครนายก คลอง 4', 10, NULL, NULL, 218),
(1649657669, '1649657669', '1100801243731', 'นาย', 'ไกรสิทธ์', 'เกิดพงษ์', '0dcd6806d84c1c2eb8b2858798ace426.jpg', NULL, NULL, 'เจ้าหน้าที่ศาลยุติธรรม', 'กลุ่มงานปริการประชาชนและประชาสัมพันธ์', '', '0926507602', NULL, NULL, 10, NULL, NULL, 223),
(1663916960, '1663916960', '3779900117075', 'นาง', 'สายฝน', 'กุญชร ณ อยุธยา', '51d20f49994c58827380bdc093dadddf.jpg', NULL, NULL, 'นิติกรชำนาญการพิเศษ', 'กลุ่มงานปริการประชาชนและประชาสัมพันธ์', '', '08-4360-9069', '715-0-10629-3', 'กรุงไทย/ประจวบฯ', 10, NULL, NULL, 202),
(1663917084, '1663917084', '3779900144889', 'นาง', 'อุไร', 'เทพบัณฑิต', '749cae5786ccf4cdc13ebe49b06fb2a8.jpg', NULL, NULL, 'เจ้าพนักงานศาลยุติธรรมชำนาญการพิเศษ', 'กลุ่มงานช่วยอำนวยการ', '', '08-0011-6464', '715-1-53803-0', 'กรุงไทย/ประจวบฯ', 10, NULL, NULL, 204),
(1663917187, '1663917187', '3770200119085', 'นางสาว', 'พจนา', 'เทพพิชิตสมุทร', '5b30ae2631206df868b00038dfd4bbc1.jpg', '1980-07-18', NULL, 'นักวิชาการเงินและบัญชีปฏิบัติการ', 'กลุ่มงานคลัง', '15 ม.2 ต.เขาแดง อ.กุยบุรี จ.ประจวบคีรีขันธ์ 77150', '09-5272-6734', '986-0-97911-1', 'กรุงไทย/แฟชั่นไอส์แลนด์', 10, NULL, '2023-08-26 09:36:47', 211),
(1689743212, '1689743212', '', 'นาย', 'ประยุทธ', 'แก้วภักดี', 'user_1689743212_095939.jpg', NULL, NULL, 'ผู้พิพากษาหัวหน้าศาลเยาวชนและครอบครัวจังหวัดประจวบคีรีขันธ์', 'ผู้พิพากษา', '', '06-2597-3675', '057-1-50242-3', 'กรุงไทย/ถนนนวมินทร์', 10, NULL, '2023-07-20 09:59:17', 101),
(1689822031, '1689822031', '', 'นาย', 'วิรชาติ', 'สิทธิสาร', 'user_1689822031_100042.jpg', NULL, NULL, 'ผู้พิพากษาหัวหน้าคณะชั้นต้นในศาลเยาวชนและครอบครัวจังหวัดประจวบคีรีขันธ์', 'ผู้พิพากษา', '', '08-1882-3456', '787-0-04568-3', 'กรุงไทย/บิ๊กซีหางดง', 10, '2023-07-20 10:00:31', '2023-07-20 10:00:31', 102),
(1689822089, '1689822089', NULL, 'นาย', 'ฟารีส', 'อินาวัง', 'user_1689822089_100142.jpg', NULL, NULL, 'ผู้พิพากษา', 'ผู้พิพากษา', NULL, '06-5726-1853', '981-6-12084-4', 'กรุงไทย/มหาวิทยาลัยธรรมศาสตร์ ท่าพระจันทร์', 10, '2023-07-20 10:01:29', '2023-07-20 10:01:29', 103),
(1689822099, '1689822099', '', 'นาย', 'อิทธิพัทธ์', 'มณีจอม', 'c955a649fa565d9734062370587464c0.jpg', NULL, NULL, 'เจ้าพนักงานศาลยุติธรรมชำนาญการพิเศษ', 'กลุ่มงานคดี', '', '09-4485-9928', '494-0-28706-8', 'กรุงไทย/เซ็นทรัล เฟสติวัล ภูเก็ต', 10, NULL, NULL, 206);

-- --------------------------------------------------------

--
-- Table structure for table `running`
--

CREATE TABLE `running` (
  `id` int(11) NOT NULL,
  `name` varchar(255) COLLATE utf8_unicode_ci DEFAULT NULL,
  `y` int(11) DEFAULT NULL,
  `r` int(11) DEFAULT NULL
) ENGINE=InnoDB DEFAULT CHARSET=utf8 COLLATE=utf8_unicode_ci;

--
-- Dumping data for table `running`
--

INSERT INTO `running` (`id`, `name`, `y`, `r`) VALUES
(1, 'bila', 2566, 66153),
(2, 'คำสั่งศาล', 2566, 68),
(10, 'คำสั่งสำนักงาน', 2566, 10);

-- --------------------------------------------------------

--
-- Table structure for table `sign_boss_name`
--

CREATE TABLE `sign_boss_name` (
  `id` int(11) NOT NULL,
  `name` varchar(255) COLLATE utf8_unicode_ci NOT NULL,
  `dep1` varchar(255) COLLATE utf8_unicode_ci DEFAULT NULL,
  `dep2` varchar(255) COLLATE utf8_unicode_ci DEFAULT NULL,
  `dep3` varchar(255) COLLATE utf8_unicode_ci DEFAULT NULL,
  `role` varchar(255) COLLATE utf8_unicode_ci DEFAULT NULL,
  `status` smallint(6) NOT NULL DEFAULT 1,
  `date_create` varchar(255) COLLATE utf8_unicode_ci DEFAULT NULL
) ENGINE=InnoDB DEFAULT CHARSET=utf8 COLLATE=utf8_unicode_ci;

--
-- Dumping data for table `sign_boss_name`
--

INSERT INTO `sign_boss_name` (`id`, `name`, `dep1`, `dep2`, `dep3`, `role`, `status`, `date_create`) VALUES
(11, 'นางสาววนิดา พิพัฒน์นภาพร', 'ผู้อำนวยการสำนักงานประจำศาลเยาวชนและครอบครัว', 'จังหวัดประจวบคีรีขันธ์', '', 'ผู้อำนวยการ', 1, '2022-04-10 02:55:11'),
(12, 'นายประยุทธ แก้วภักดี', 'ผู้พิพากษาหัวหน้าศาลเยาวชนและครอบครัว', 'จังหวัดประจวบคีรีขันธ์', '', 'ผู้พิพากษาหัวหน้าศาล', 1, '2023-07-20 09:56:21'),
(15, 'นางสายฝน กุญชร ณ อยุธยา', 'นิติกรชำนาญการพิเศษ รักษาราชการแทน ', 'ผู้อำนวยการสำนักงานประจำศาลเยาวชนและครอบครัว', 'จังหวัดประจวบคีรีขันธ์', 'ผู้อำนวยการ', 0, '2023-07-25 09:18:38'),
(16, 'นายวิรชาติ สิทธิสาร', 'ผู้พิพากษาหัวหน้าคณะชั้นต้นในศาลเยาวชนและครอบครัว', 'จังหวัดประจวบคีรีขันธ์', '', 'ผู้พิพากษาหัวหน้าศาล', 0, '2023-07-20 09:56:48');

-- --------------------------------------------------------

--
-- Table structure for table `user`
--

CREATE TABLE `user` (
  `id` int(11) NOT NULL,
  `username` varchar(255) COLLATE utf8_unicode_ci NOT NULL,
  `auth_key` varchar(32) COLLATE utf8_unicode_ci DEFAULT NULL,
  `password_hash` varchar(255) COLLATE utf8_unicode_ci NOT NULL,
  `password_reset_token` varchar(255) COLLATE utf8_unicode_ci DEFAULT NULL,
  `email` varchar(255) COLLATE utf8_unicode_ci DEFAULT NULL,
  `role` smallint(6) NOT NULL DEFAULT 1,
  `status` smallint(6) NOT NULL DEFAULT 10,
  `created_at` datetime DEFAULT NULL,
  `updated_at` datetime DEFAULT NULL
) ENGINE=InnoDB DEFAULT CHARSET=utf8 COLLATE=utf8_unicode_ci;

--
-- Dumping data for table `user`
--

INSERT INTO `user` (`id`, `username`, `auth_key`, `password_hash`, `password_reset_token`, `email`, `role`, `status`, `created_at`, `updated_at`) VALUES
(9, 'boom', 'x44Q-Hm3bXo2WxHl2qMBe1NDmbPU6Fn3', '$2y$13$D/KmYOo0wE/TUTugOU3/R.ImmdU2mJWAx9tgYgfpli4/u4LUFENku', '1', 'sutthinee2523@hotmail.com', 1, 0, NULL, '0000-00-00 00:00:00'),
(12, '4565', '48JMqpoYsGXe0Fv3_blAwrROX1pQVnlG', '$2y$13$3IobWJTpkUfbYiyBsmr5Wut8A/x8kc3RM5m1ZMsrrsMWyYQGLkryW', '2', 'donlaya.y@coj.go.th', 2, 10, NULL, '0000-00-00 00:00:00'),
(13, '5971', 'RZI3Bo5mKGJNrnESu87ljwSNHDWMnuwJ', '$2y$13$NmWazAcGEYx5LLclTVWLmO1sDKEBEarMCdojdICRzJNYSCPvrnLzy', '3', 'roopoopoop@gmail.com', 1, 10, NULL, '0000-00-00 00:00:00'),
(14, 'b48080626', 'x2JTP3iWHBd4_Xsh2Fg1KYA22_IL5IVp', '$2y$13$lKU2SWznigLYyxVAFV9pguJwcXbgUux1ZFDOb0VnbU.v.w5uzs.te', '4', 't.apinya@hotmail.com', 9, 10, NULL, '0000-00-00 00:00:00'),
(15, '10015', 'm5LDWGeBUNa9QzUtLNmNim6wK_6nr3Pt', '$2y$13$6tR4figfNJPBanqz/jQ7..HUvZEgL022ulHW6gtSKwWhqPACddGzC', '5', 'wasiee2522.k@gmail.com', 1, 0, NULL, '0000-00-00 00:00:00'),
(16, 'id1817', 'LG1b7thpFM8AQGAnP6XSQHx24tG5JAts', '$2y$13$Ne/g.lNnrMNSpkD/19Dx9ugTy.Sq/uoBmy/lacUQcHO2PcVL8e0Ya', '6', 'chotikar.d@gmail.com', 1, 10, NULL, '0000-00-00 00:00:00'),
(18, '10020', '1WFkt1tzmcUFFOi8yVMarD0vKsRJw6kE', '$2y$13$A1X/Qtn35MyQEbgq5pJyiucgST.lhdIPW.x/hYddry9t9KJkZRzgi', '7', 'Pimporn.toom@gmail.com', 1, 10, NULL, '0000-00-00 00:00:00'),
(19, 'id08', '2jIzMJZ6fv1ACe18KT9jYgDhqVeB-fkD', '$2y$13$c3P0telPZE4gqjm7a3cNeO7cf08Ne.w6Tc.Pu.M4PRtFpw5yaRAyi', '8', 'fhon66@hotmail.com', 1, 10, NULL, '0000-00-00 00:00:00'),
(20, 'kung7', 'c6EbBdKccIHEiDvbkEJnRgoXt8GB2qPW', '$2y$13$k.BQPsSh1RJ9J8mx8e8qeulz9SQ1H4gg.zR3egtn2De.CbhRNBDmK', '9', 'prosper9929@gmail.com', 1, 10, NULL, '0000-00-00 00:00:00'),
(21, '1122', 'P_3GxGt7QwBgF1KKjW6YNr2b_LBPedTg', '$2y$13$7WaaOqH6RSVIQjEw5FJnGOPf0fS5uV0UZl8cQbyqLj2wBEm2d2ycq', '10', 'name022552@gmail.com', 1, 10, NULL, '0000-00-00 00:00:00'),
(22, '500', 'qApleICEH1NIIhgY4a5xcSYsyhSWDYkK', '$2y$13$n/lL83anhSs86cbl4ziRoeGCBFcZHqzVtdfDFpZEaiEdBolS3OVba', '11', 'eagleray38@gmail.com', 1, 10, NULL, '0000-00-00 00:00:00'),
(23, '9929', 'eo7pTV5Iv04eOMqJwUi__vceB8Mbt1NJ', '$2y$13$zR0VJEgM7O/4n0xt5kDZFuvD7bltXYoMlkyQz24oWWdU/JcGL6M6W', '12', 'phayao.s@coj.go.th', 9, 10, NULL, '0000-00-00 00:00:00'),
(24, 'id2323', 'vaTRyUB1QZ7YUssfnJj-3Xfg9R1Am9lC', '$2y$13$7qXxumHLHZKF39XqNO/XtOJwBjfW8OSICTwIFHx6iqKLiBAin6KB2', '13', '2323@pkkjc.org', 1, 10, NULL, '0000-00-00 00:00:00'),
(35, 'nate', 'VIhUFhMuHuT259IEJboigwLn63Br3CKr', '$2y$13$Yo.5GK/5yCBlejbVvXdA2euJ4UsmlUYR9oBww00dXdNguRixrbYOe', '19', 'natenapa171980@gmail.com', 1, 10, NULL, '0000-00-00 00:00:00'),
(36, 'kaew', 'm9YhFxT6xS8giorwD8iORKPNlE07zf_b', '$2y$13$nRs6w6ltK2lQt9NLGMlXru7D5pR/rWc5ZhAhuCU.TvbLa4uaxsWjO', '20', 'korkaew2529@gmail.com', 9, 0, NULL, '0000-00-00 00:00:00'),
(37, 'jane', 'vHORjcDJr84WD60P9Lp8C-VoM0fup8Vc', '$2y$13$JSv46P0pTVS11g0y3pnSxufhtsWqz7pYBI0I3zBkFebCont1Mn4Oy', '121', '123orranee@gmail.com', 1, 0, NULL, '0000-00-00 00:00:00'),
(38, 'waww', 'qCpOFTuPFdbF1IT8F7Fzf3YUcyAGDu46', '$2y$13$PQExiZQOv.vKLIIyqrXWtO0LWz8txXr2hmgCsYvnAYWLufkLbzxTm', '22', 'weawtaphum@gmail.com', 1, 0, NULL, '0000-00-00 00:00:00'),
(39, 'ouii', 'We6N4xsyoTCtoivxejDir_Bjyz49xYhq', '$2y$13$ehHT/mqtLFcR4sdEnjPDUuXtmDKTpsdYmgR0Zxz8sM/Se4cetsHsG', '23', 'oui.251761@gmail.com', 1, 0, NULL, '0000-00-00 00:00:00'),
(40, 'tuk', 'iYpLCflNPBT6Dxsqf8pfw4ZZO4CuzoIM', '$2y$13$2QIn5PtVQH8DmLgP0yVUNOsH8tHVj1RzTpwoj82sqCV510Xjo14Gu', '24', 'tuk3057@gmail.com', 1, 0, NULL, '0000-00-00 00:00:00'),
(41, 'ponphan1831', '', '$2y$13$G.o2Y9I9V3DPed4AIPp/Nu0KpzqUGcTw8GX27obzWTAZY9Ir.x4Ly', '25', 'ponphan68@gmail.com', 9, 0, NULL, '0000-00-00 00:00:00'),
(42, '8', '', '$2y$13$13VjD4L4PSZGQqnA/Hen4u7AVuGSKbspPV0MCui5Fh.lJKnjW6pa.', '26', NULL, 1, 0, '0000-00-00 00:00:00', '0000-00-00 00:00:00'),
(43, 'sataporn', '', '$2y$13$2Q5DWBTz4/.8Rx48i3aDkOaxUN1TXdqlJCwcK3Ry1PBMaIaxFxNsi', '27', 'mon_pricemoc@hotmail.com', 1, 0, '0000-00-00 00:00:00', '0000-00-00 00:00:00'),
(44, 'arpaporn', '', '$2y$13$WrTPTnlABDkL.C8AeIicb.X1NeOZzV6hI9XgnR3ojI6AUmbqOpn52', '28', '', 1, 0, '0000-00-00 00:00:00', '0000-00-00 00:00:00'),
(45, 'nayy', '', '$2y$13$rYSRNejN1F4IHn7rGDcXQu2IR/ZKwBNMuHbNerpGVlAdFKEPb7qqG', '29', '', 2, 10, '0000-00-00 00:00:00', '0000-00-00 00:00:00'),
(49, 'prizekumu', '', '$2y$13$LDy6EI6B0M8SAIdF/5i.ceWqVrmiLJl9mJ1T7g5rna6b15.dpURP6', '-sNX9H_YxX7LJQnahYSjVEa-lkzW7mCm_1561367130', 'animalprize@gmail.com', 1, 10, '0000-00-00 00:00:00', '0000-00-00 00:00:00'),
(1565684760, 'u1', 'dTybVW9bkfZMFwpa2tdyTsl3zuwjWtr0', '$2y$13$9kGhudNJy/5QPrkbqTtK/upNcrVwtrEcNYHryFL.PLN8TUsgMHFI2', '3Gwh4XzvWLzAW06qeapfVLAF5BnV3uCJ_1565684761', '', 1, 0, '0000-00-00 00:00:00', '0000-00-00 00:00:00'),
(1566445991, 'admin', 'qdYs15wrU3R7ghAuAuXNMc-fFxlZ8QyT', '$2y$10$Zjg66jrtlQ3yGKykp4g0NeSkpeGs6lJCYcHCmh6Lv4HWRgsnbzNxi', 'VSorsXwWyDjK0WwK76PNqcdsextFlwai_1566445992', '', 9, 10, '0000-00-00 00:00:00', '2022-12-06 11:59:30'),
(1569480008, 'koi', 'SaeKXASy-OEtg3IjBnnCXMwjD8VtZrTt', '$2y$13$I3Y5zQ7v7/xvlvoQ8rdLVO0oG130ZgQc.mvTVJN.R9hxcjJHoLWba', 'LCCUQiONJnW_PhXZBn1dz-8YyByEXMSy_1569480009', '', 1, 0, '0000-00-00 00:00:00', '0000-00-00 00:00:00'),
(1570435393, '888899', 'z8c0teaFr0eDLQSFqe5BLjCUW9WSKuEE', '$2y$13$yhcc7YEs5XrY28EpZdxw6esPB.UW4hHHD7g2tqiZbTRquJbzfoB9a', 'hnq7XB94iHHCqgapybx14pqOd19J_czi_1570435394', 'sanookerjang2528@gmail.com', 2, 0, '0000-00-00 00:00:00', '0000-00-00 00:00:00'),
(1570438297, 'jutamas', '7hAtLr2FYrQuo9aOeZPORa_neWcA1DmA', '$2y$13$wMdGT4Lf9g7QI0rOeRqGRe1fjCftWCFfPP8yNL2L9wom5J5IhEt6u', 'Kk2OgiECdvPa4pd58Raod5KPylu8gy7X_1570438297', 'noobeau97@gmail.com', 9, 0, '0000-00-00 00:00:00', '0000-00-00 00:00:00'),
(1572237346, 'sorn27033', 'Mj9Pfhl1sRsYBNEYG0rhN541ci9eMRxD', '$2y$13$BPSLGAuYAdMIcWcPXMxCMut97oPWG/q/3IDF7jRWsJW0yTIedotIy', 'HXie-Yz2MoJoJPKDV5eIul1HKg4lDnqr_1572237346', '', 1, 10, '0000-00-00 00:00:00', '0000-00-00 00:00:00'),
(1577326133, '111', '70GEWBWGaMBVydrwljRdhRlUYs_X7Pv0', '$2y$13$WCW6Lmoo55esGSIosJorY.anmDJ766l.DILwQekOhJQPOLf0Rz76O', 'hspEN3xdCkU5Xch4fxx9wSizhHCJm2qZ_1577326134', '', 1, 0, '0000-00-00 00:00:00', '0000-00-00 00:00:00'),
(1577326188, '222', '6TwunyGKM0kcDoBYYdpd1fpz1x-vorTv', '$2y$13$GJ1TK5dFgbbzi6tz0Ua6nOmMzyYFzVmJvnGaWZ0oqDx.qv07rjnDS', 'ujHHXNst9gvjCYxyG-ljJ3a9JDPtfcok_1577326188', '', 1, 0, '0000-00-00 00:00:00', '0000-00-00 00:00:00'),
(1577326247, '333', 'BkQAEOBbx6U68Y7mC4btaNW6TLyhfhef', '$2y$13$OXSiIUgG/fWFVCKNRE1ulOTxgcqUV.6jv5LVjL27tCi27j0YcLmiO', 'VO9F-kNJ-OMy1Qjpf4nzo3qyPtexsGgO_1577326247', '', 1, 0, '0000-00-00 00:00:00', '0000-00-00 00:00:00'),
(1584069733, 'tarat', 'Wh_66tnwwfNLXTb47f4WJDwCXSnrhNuG', '$2y$13$fuqnH7v7.KPyr4lVEdpzlefpz0StYoq8mV5BSyua0efw5L683bhau', 'b0gCk3lh2MXjea4VRTfcJ7btSa_J12-g_1584069734', 'tarat.coj@gmail.com', 1, 0, '0000-00-00 00:00:00', '0000-00-00 00:00:00'),
(1584069861, 'b02', 'augpJM3j9CN-QtvT4nAVzXbYzPN1sqF7', '$2y$13$BoPebpnxOOnaEX//b6.b7eCa453UqmBEJrN5SZ4wLKiR0TcvYEcs2', 'DFPY1efMq29JXooruOYwvww7OmpCjShJ_1584069861', '', 1, 0, '0000-00-00 00:00:00', '0000-00-00 00:00:00'),
(1584946173, 'pai2514ror', 'RaBOwzpzNvigZKH4HisO7AxvUonFK1A3', '$2y$13$VvBEjbH7EIvUhyXtLziMCe/sC03sm/f6XoRNfB/RmCyCaV4CbbySW', '7e8VchVxMFVHOf_0ZUQrckIr-Oesd7iD_1584946173', '', 1, 0, '0000-00-00 00:00:00', '0000-00-00 00:00:00'),
(1585798864, '33', 'Fm7JBw_VHZxAVoZlh4rT_NUbX7JOua9-', '$2y$13$yDvp4Ri/z9SLuR7DCFvTl.juXACk5tGInmDD6XuZfK2GtfZuBPxa2', '9gDvm0twWcFfGLF9_nYcbx_gSvkh3XMu_1585798864', '', 1, 10, '0000-00-00 00:00:00', '0000-00-00 00:00:00'),
(1600744872, '1112', NULL, '$2y$13$rEyJggLhkrhhRH5dnHE/puyEmApBKIRvEw7wOAHdnL2JW6plNCUB2', NULL, 'Chandech82188@gmail.com', 1, 10, NULL, '0000-00-00 00:00:00'),
(1600744923, '88', 'EJQlrdtfJ52MldDKn83hYb3TEr-nz1pz', '$2y$13$KpnzhHZotdKtGOZVzoKjhOOcYmWwG4o.m8J2bl23GOrwWoiQ1fwT2', 'gOIqtkambCsViOxK8UJ_7x8kPP2lDrpk_1649532910', 'boonyapornboontae@gmail.com', 9, 10, '0000-00-00 00:00:00', '0000-00-00 00:00:00'),
(1615861935, 'j6401', NULL, '$2y$13$NAHbwGc.HRGjx8mN5duzeuGx5gVHmkNxWCVOdGH0rlL6Z6XhlSzGa', NULL, '', 1, 1, NULL, '2023-07-20 09:57:48'),
(1633006816, 'naiyana', 'JmgTksfEENRV7GYl6kGQi0eZp-pmXh2k', '$2y$13$zeDsLRtbM1zHTCFtfETF5.jZEg8h3QlbKl1hpZ1May6ss/F1QI1cC', 'YGJCbOdAFA0mTYUDao7v7F3h38Cu8SDv_1649532840', 'naiyana182518@icloud.com', 1, 0, '0000-00-00 00:00:00', '0000-00-00 00:00:00'),
(1633007273, '201007', 'mbzujZnElNhyFalvxLYFfO42F79fYYCD', '$2y$13$UH6QLuGAxhZkJ5NnspgJOOZ4WMb7JOeN9uJA45GUjh3sbu6ObkuQu', 'bjBFVkox_BlJvW0NGeMtf2punbSDWZXS_1650426903', '', 1, 10, '0000-00-00 00:00:00', '0000-00-00 00:00:00'),
(1633007481, '3474', NULL, '$2y$13$faBL/nApuyPk7QvTq38.nO/yl6LOSs8X1oY0AkM8udDAny2lxTywu', NULL, 'wallapa.supapa@gmail.com', 1, 0, NULL, '0000-00-00 00:00:00'),
(1649532480, 'j6502', 'dccx2Ig000fsG4ZnMvg7xmbV_qnl2-jE', '$2y$13$Q0fqb1.Yw1cqLIWx4fyw2Oi8sCkFgRF/0nE2RuNNSuOgSLTjf3yvG', 'BMIoXaF25mWF0GVpOU9wzPriRu4jp66A_1649532480', '', 1, 1, '0000-00-00 00:00:00', '2023-07-20 09:57:50'),
(1649532712, 'j6403', 'KQJ801hcLrnHi7c8sszRtne4Mk7gIkZB', '$2y$13$1IC42pIlWhszfc/G0WBL5e3jPSwiKZcIgzFCG29ORFsAZ87ujGbuG', 'bUxtagziyGQpX3hPuGeIy9UJw1BkhqUf_1649532713', '', 1, 1, '0000-00-00 00:00:00', '2023-07-20 09:57:53'),
(1649645620, 'kanchana28', 'NGFMSc4AXTJC9tJD3L9gaBWEhbDTRhRU', '$2y$13$Gi3wBvsJiKKnCA5PBJrBQuNtIHyBv4D201tzIez971WiJAaHVs.2C', '_XjpruvYCFafiIjpwdAnWwOCGbMnb0t0_1649645621', 'Kanchana.kst28@gmail.com', 1, 10, '0000-00-00 00:00:00', '0000-00-00 00:00:00'),
(1649657669, 'pai', 'mxaSbs6ZdeeQh2xoioGV5rAU3Phn8TUw', '$2y$13$z36bEe.Ymk03jT28ze217etg5PY15mI9utTLLyawcGviEstxovYRG', 'NttCfoGdY-kcqG8LFdFrWl0dmWh0-4_7_1649657670', 'silov5577@gmail.com', 1, 10, '0000-00-00 00:00:00', '0000-00-00 00:00:00'),
(1663916960, '1234', 'dM5DSd8ETG2kSXOg-zzKx7tbs0li-Dlo', '$2y$13$n5DAi.v1qaiH760b8FZBJuOZpACgVjSOWkmurgVgbn.vE8L8JCWkK', 'O1CXhuTsEyY6CKarxy-8PhDDHPGzWgfM_1663916961', '', 1, 10, '0000-00-00 00:00:00', '0000-00-00 00:00:00'),
(1663917084, '6464', 'jOGa_B4UCaNVUSZtZVEugH2Xf9wtnS6C', '$2y$13$dTz99wqWlf/oev4JywoAUeauyFJDsz6bz/O9g1dqitDgrJovDIu/a', 'uS8XfhLPTObJcxjs0B0W9QtE5HQP_PFh_1663917084', '', 9, 10, '0000-00-00 00:00:00', '0000-00-00 00:00:00'),
(1663917187, '731', 'WHNTYsGxJCUjdsioR8_mB8m66tNScbzn', '$2y$13$7Owqw06V6MZozVQESDuxCO3Tf/JD3dQBYNrMaWbdl0FMhYC9dyccW', 'J9mP3-nXBeiYpnEBPmnn_HWs3gqMSqta_1663917188', 'photchana11@gmail.com', 1, 10, '0000-00-00 00:00:00', '0000-00-00 00:00:00'),
(1689743212, 'j6601', 'b_JVD-aRRhq5QYy-ZWPBkHmdLejwNVBH', '$2y$13$Iog76iBb4WOO5fr/RgvgqOK3cnDY0hZBmemIeYeKllXjls1Tww4DG', 'ecbrwm2BGz0C0ik1jCBddlayR2QWd_kF_1689743213', '', 1, 10, '0000-00-00 00:00:00', '0000-00-00 00:00:00'),
(1689822031, 'j6602', NULL, '$2y$10$JO10w5nGHhRGs1jURtumtu/LM.ERI4L3el8gCbwHCZbUNeUN8SFUy', NULL, '', 1, 10, '2023-07-20 10:00:31', '0000-00-00 00:00:00'),
(1689822089, 'j6603', NULL, '$2y$10$NgU34NaB3M6W8AHkfqO6GOTKlslhP/OBCfMKfGkvSsqgk4v1QZkXG', NULL, NULL, 1, 10, '2023-07-20 10:01:29', '2023-07-20 10:01:29'),
(1689822099, '4241', NULL, '$2y$13$3AhqJJCSbuVtb6LLpJK1T.gtSSSUv9Tjeh7D2QvaS3XEzILNxmuNW', NULL, '', 1, 10, NULL, '0000-00-00 00:00:00');

-- --------------------------------------------------------

--
-- Table structure for table `ven`
--

CREATE TABLE `ven` (
  `id` int(11) NOT NULL,
  `user_id` longtext CHARACTER SET utf8mb4 COLLATE utf8mb4_bin NOT NULL,
  `ven_com_id` varchar(255) COLLATE utf8_unicode_ci DEFAULT NULL,
  `ven_com_idb` varchar(255) COLLATE utf8_unicode_ci DEFAULT NULL,
  `ven_date` date NOT NULL,
  `ven_time` varchar(255) COLLATE utf8_unicode_ci NOT NULL,
  `ven_month` varchar(255) COLLATE utf8_unicode_ci NOT NULL,
  `vn_id` int(11) DEFAULT NULL,
  `vns_id` int(11) DEFAULT NULL,
  `DN` varchar(250) COLLATE utf8_unicode_ci DEFAULT NULL,
  `ven_com_name` varchar(255) COLLATE utf8_unicode_ci DEFAULT NULL,
  `ven_com_num_all` varchar(255) COLLATE utf8_unicode_ci DEFAULT NULL,
  `ven_name` varchar(255) COLLATE utf8_unicode_ci DEFAULT NULL,
  `u_role` varchar(255) COLLATE utf8_unicode_ci DEFAULT NULL,
  `price` decimal(10,2) DEFAULT NULL,
  `color` varchar(255) COLLATE utf8_unicode_ci DEFAULT NULL,
  `gcal_id` varchar(255) COLLATE utf8_unicode_ci DEFAULT NULL,
  `ref1` varchar(255) COLLATE utf8_unicode_ci DEFAULT NULL,
  `ref2` varchar(255) COLLATE utf8_unicode_ci DEFAULT NULL,
  `file` varchar(255) COLLATE utf8_unicode_ci DEFAULT NULL,
  `comment` varchar(255) COLLATE utf8_unicode_ci DEFAULT NULL,
  `status` int(11) DEFAULT NULL,
  `update_at` datetime DEFAULT NULL,
  `create_at` datetime DEFAULT NULL
) ENGINE=InnoDB DEFAULT CHARSET=utf8 COLLATE=utf8_unicode_ci;

-- --------------------------------------------------------

--
-- Table structure for table `ven_change`
--

CREATE TABLE `ven_change` (
  `id` varchar(255) COLLATE utf8_unicode_ci NOT NULL,
  `ven_month` varchar(255) COLLATE utf8_unicode_ci DEFAULT NULL,
  `ven_date1` varchar(255) COLLATE utf8_unicode_ci DEFAULT NULL,
  `ven_date2` varchar(255) COLLATE utf8_unicode_ci DEFAULT NULL,
  `ven_com_id` varchar(255) COLLATE utf8_unicode_ci DEFAULT NULL,
  `ven_com_num_all` varchar(255) COLLATE utf8_unicode_ci DEFAULT NULL,
  `DN` varchar(255) COLLATE utf8_unicode_ci DEFAULT NULL,
  `u_role` varchar(255) COLLATE utf8_unicode_ci DEFAULT NULL,
  `ven_id1` int(11) DEFAULT NULL,
  `ven_id2` int(11) DEFAULT NULL,
  `ven_id1_old` int(11) DEFAULT NULL,
  `ven_id2_old` int(11) DEFAULT NULL,
  `user_id1` int(11) DEFAULT NULL,
  `user_id2` int(11) DEFAULT NULL,
  `s_po` int(11) DEFAULT NULL,
  `s_bb` int(11) DEFAULT NULL,
  `file` varchar(255) COLLATE utf8_unicode_ci DEFAULT NULL,
  `status` varchar(255) COLLATE utf8_unicode_ci DEFAULT NULL,
  `ref1` varchar(255) COLLATE utf8_unicode_ci DEFAULT NULL,
  `ref2` varchar(255) COLLATE utf8_unicode_ci DEFAULT NULL,
  `comment` varchar(255) COLLATE utf8_unicode_ci DEFAULT NULL,
  `create_at` datetime DEFAULT NULL
) ENGINE=InnoDB DEFAULT CHARSET=utf8 COLLATE=utf8_unicode_ci;

-- --------------------------------------------------------

--
-- Table structure for table `ven_com`
--

CREATE TABLE `ven_com` (
  `id` int(11) NOT NULL,
  `ven_com_num` varchar(255) COLLATE utf8_unicode_ci DEFAULT NULL,
  `ven_com_date` varchar(255) COLLATE utf8_unicode_ci DEFAULT NULL,
  `ven_month` varchar(255) COLLATE utf8_unicode_ci DEFAULT NULL,
  `status` varchar(255) COLLATE utf8_unicode_ci DEFAULT NULL,
  `vn_id` int(11) DEFAULT NULL,
  `comment` varchar(255) COLLATE utf8_unicode_ci DEFAULT NULL,
  `file` varchar(255) COLLATE utf8_unicode_ci DEFAULT NULL,
  `ref` varchar(255) COLLATE utf8_unicode_ci DEFAULT NULL,
  `create_at` datetime DEFAULT NULL
) ENGINE=InnoDB DEFAULT CHARSET=utf8 COLLATE=utf8_unicode_ci;

-- --------------------------------------------------------

--
-- Table structure for table `ven_name`
--

CREATE TABLE `ven_name` (
  `id` int(11) NOT NULL,
  `name` varchar(255) NOT NULL,
  `DN` varchar(255) DEFAULT NULL,
  `srt` int(11) DEFAULT NULL
) ENGINE=InnoDB DEFAULT CHARSET=utf8;

--
-- Dumping data for table `ven_name`
--

INSERT INTO `ven_name` (`id`, `name`, `DN`, `srt`) VALUES
(24, 'ฟื้นฟู/ตรวจสอบการจับ', 'กลางวัน', 0),
(25, 'หมายจับ-ค้น', 'กลางคืน', 1),
(26, 'ผู้ตรวจ(กลางคืน)', 'กลางคืน', 3);

-- --------------------------------------------------------

--
-- Table structure for table `ven_name_sub`
--

CREATE TABLE `ven_name_sub` (
  `id` int(11) NOT NULL,
  `name` varchar(255) NOT NULL,
  `ven_name_id` int(11) NOT NULL,
  `price` int(11) DEFAULT NULL,
  `color` varchar(255) DEFAULT NULL,
  `srt` int(11) DEFAULT NULL
) ENGINE=InnoDB DEFAULT CHARSET=utf8;

--
-- Dumping data for table `ven_name_sub`
--

INSERT INTO `ven_name_sub` (`id`, `name`, `ven_name_id`, `price`, `color`, `srt`) VALUES
(106, 'ผู้พิพากษา', 24, 3000, 'goldenrod', 0),
(107, 'ผอ./แทน', 24, 1500, 'Green', 1),
(108, 'จนท', 24, 1500, 'cadetblue', 2),
(109, 'ผู้พิพากษา', 25, 2500, 'BlueViolet', 0),
(110, 'จนท', 25, 1200, 'Blue', 1),
(111, 'ผู้ตรวจ', 26, 0, 'Violet', 0);

-- --------------------------------------------------------

--
-- Table structure for table `ven_user`
--

CREATE TABLE `ven_user` (
  `vu_id` int(11) NOT NULL,
  `user_id` int(11) DEFAULT NULL,
  `order` int(11) DEFAULT NULL,
  `vn_id` int(11) NOT NULL,
  `vns_id` int(11) DEFAULT NULL,
  `comment` varchar(255) COLLATE utf8_unicode_ci DEFAULT NULL,
  `create_at` datetime DEFAULT NULL
) ENGINE=InnoDB DEFAULT CHARSET=utf8 COLLATE=utf8_unicode_ci;

--
-- Dumping data for table `ven_user`
--

INSERT INTO `ven_user` (`vu_id`, `user_id`, `order`, `vn_id`, `vns_id`, `comment`, `create_at`) VALUES
(326, 1680161949, 0, 24, 106, '', '2023-06-22 08:43:39'),
(327, 1, 0, 24, 106, '', '2023-06-22 08:56:39'),
(328, 1680161948, 0, 24, 106, '', '2023-06-22 08:56:45'),
(329, 2, 0, 24, 106, '', '2023-06-22 09:20:22'),
(330, 1689743212, 1, 24, 106, '', '2023-07-27 08:39:08'),
(331, 1689822089, 3, 24, 106, '', '2023-07-27 08:39:17'),
(332, 1689822031, 2, 24, 106, '', '2023-07-27 08:39:31'),
(333, 1663916960, 1, 24, 107, '', '2023-07-27 08:40:05'),
(334, 1600744872, 2, 24, 107, '', '2023-07-27 08:40:12'),
(335, 35, 3, 24, 107, '', '2023-07-27 08:40:24'),
(336, 1663917084, 4, 24, 107, '', '2023-07-27 08:40:42'),
(337, 1689822099, 5, 24, 107, '', '2023-07-27 08:40:53'),
(338, 16, 1, 24, 108, '', '2023-07-27 08:41:21'),
(339, 20, 2, 24, 108, '', '2023-07-27 08:41:31'),
(340, 13, 3, 24, 108, '', '2023-07-27 08:41:44'),
(341, 19, 4, 24, 108, '', '2023-07-27 08:42:00'),
(342, 12, 5, 24, 108, '', '2023-07-27 08:42:13'),
(343, 21, 6, 24, 108, '', '2023-07-27 08:42:57'),
(344, 18, 7, 24, 108, '', '2023-07-27 08:43:10'),
(345, 14, 8, 24, 108, '', '2023-07-27 08:43:23'),
(346, 49, 9, 24, 108, '', '2023-07-27 08:43:33'),
(347, 1600744923, 10, 24, 108, '', '2023-07-27 08:43:44'),
(348, 1649645620, 11, 24, 108, '', '2023-07-27 08:43:57'),
(349, 1663917187, 12, 24, 108, '', '2023-07-27 08:44:10'),
(350, 1689743212, 1, 25, 109, '', '2023-07-27 08:44:15'),
(351, 1689822031, 2, 25, 109, '', '2023-07-27 08:44:23'),
(352, 1689822089, 3, 25, 109, '', '2023-07-27 08:44:39'),
(353, 16, 1, 25, 110, '', '2023-07-27 08:45:08'),
(354, 19, 2, 25, 110, '', '2023-07-27 08:45:21'),
(355, 23, 3, 25, 110, '', '2023-07-27 08:45:30'),
(356, 13, 4, 25, 110, '', '2023-07-27 08:45:42'),
(357, 20, 5, 25, 110, '', '2023-07-27 08:45:54'),
(358, 12, 6, 25, 110, '', '2023-07-27 08:46:02'),
(359, 18, 7, 25, 110, '', '2023-07-27 08:46:20'),
(360, 22, 8, 25, 110, '', '2023-07-27 08:46:37'),
(361, 14, 9, 25, 110, '', '2023-07-27 08:46:49'),
(362, 49, 10, 25, 110, '', '2023-07-27 08:47:05'),
(363, 1600744923, 11, 25, 110, '', '2023-07-27 08:47:29'),
(364, 1649645620, 12, 25, 110, '', '2023-07-27 08:48:31'),
(365, 1663917187, 13, 25, 110, '', '2023-07-27 08:48:40'),
(366, 1663916960, 1, 26, 111, '', '2023-07-27 08:48:51'),
(367, 1600744872, 2, 26, 111, '', '2023-07-27 08:49:06'),
(368, 35, 3, 26, 111, '', '2023-07-27 08:49:17'),
(369, 1663917084, 4, 26, 111, '', '2023-07-27 08:49:27'),
(370, 1689822099, 5, 26, 111, '', '2023-07-27 08:49:36');

-- --------------------------------------------------------

--
-- Table structure for table `web_link`
--

CREATE TABLE `web_link` (
  `id` int(11) NOT NULL,
  `name` varchar(255) COLLATE utf8_unicode_ci NOT NULL,
  `link` varchar(255) COLLATE utf8_unicode_ci DEFAULT NULL,
  `img` varchar(255) COLLATE utf8_unicode_ci DEFAULT NULL,
  `create_at` datetime DEFAULT NULL,
  `update_at` datetime DEFAULT NULL
) ENGINE=InnoDB DEFAULT CHARSET=utf8 COLLATE=utf8_unicode_ci;

--
-- Dumping data for table `web_link`
--

INSERT INTO `web_link` (`id`, `name`, `link`, `img`, `create_at`, `update_at`) VALUES
(1, 'Network Studio --', 'http://cbooking.coj.intra/', '39b0ccc77a60bab868d70f61531d6e72.jpg', '2019-01-24 09:24:17', '2019-02-26 19:34:33'),
(2, 'COJ Single Sign On (SSO) หมายจับ', 'http://sso.coj.intra', 'bbdd78eef19fdcba94298df28ff7c248.jpg', '2019-01-24 09:25:55', '2019-10-16 11:45:33'),
(3, 'ระบบบริการข้อมูลคดีศาลยุติธรรม - Case Information Online Service (CIOS) --เจ้าหน้าที่--', 'http://cios.coj.intra/', '0418d82fe2dbb8b1875fe76b6cf6c2d7.jpg', '2019-01-24 09:26:39', '2020-03-30 14:01:03'),
(4, 'ระบบการจัดการงานล่ามศาลยุติธรรม (Court Interpreter Service and Management System : CISMS)', 'http://cisms.coj.intra/index.php', '716e9f8dbbb59d4f4c45557ac4d53078.jpg', '2019-01-24 09:27:16', '2019-02-22 10:48:24'),
(5, 'โปรแกรมระบบจัดเก็บข้อมูลสถิติคดี ของศาลยุติธรรม ระยะที่ 2', 'http://10.1.2.9/court_stat_program/', '3d3938d99fccc4ce1679af86c4935532.jpg', '2019-01-28 11:39:36', '2019-02-22 10:47:32'),
(6, 'ระบบการส่งเอกสารและการประกาศนัดไต่สวนโดยวิธีการลงโฆษณาทางสื่อเทคโนโลยีสารสนเทศ e-notice ', 'https://enotice.coj.go.th/login', '4d7f52b2665abe5e99e018f6f98c9771.jpg', '2019-01-28 15:02:30', '2019-02-22 10:47:58'),
(7, 'ที่ปรึกษากฎหมาย ศาลเยาวชนฯกลาง', 'http://10.25.0.115/lcon/', 'd533fa6ff0a1832a46164dcf71402b22.jpg', '2019-01-29 08:53:04', '2019-02-22 10:19:06'),
(8, 'ระบบสืบค้นคำพิพากษาชั้นต้น', 'https://decision.coj.go.th/admin', '5937775d969f086eade58217719c0f71.jpg', '2019-01-29 13:57:04', '2019-02-28 14:27:00'),
(9, 'ระบบการจัดเก็บและให้บริการคัดสำเนาคำพิพากษาระหว่างศาล DSS-Decision System ', 'http://dss.coj.intra/', '8444c083d7d6f6477aaf6763e316dfd4.jpg', '2019-01-30 09:58:35', '2019-02-22 13:44:26'),
(10, 'สมุดโทรศัพท์ศาลยุติธรรม E-Phonebook', 'https://phonebook.coj.go.th', 'ff4119231e7631a10719b6fb8125070e.jpg', '2019-02-04 09:11:38', '2019-02-22 10:14:34'),
(11, 'ระบบตรวจสอบรายชื่อผู้กระทำผิดในงานคุมประพฤติ (คดีสอดส่อง) กรมคุมประพฤติ', 'http://203.113.100.106/dopcheck/index.php', '372604ce9f3969cabc212f0d22e355c6.jpg', '2019-02-04 10:29:56', '2019-02-22 10:13:14'),
(12, 'ระบบสารสนเทศสำนักงานศาลยุติธรรมข้าราชการตุลาการและดะโต๊ะยุติธรรม', 'http://esv-ojc.coj.go.th/index.php', '740552c3866b2f138a077e5508435611.jpg', '2019-02-06 09:05:53', '2019-02-22 10:11:55'),
(13, 'การแจ้งการอ่านคำพิพากษาศาลฎีกาทางอิเล็กทรอนิกส์', 'http://read.supremecourt.or.th/index.php', '8055bd73c87ad9c9b4928ac2fc5376b5.jpg', '2019-02-06 10:15:31', '2019-02-22 10:09:32'),
(14, 'ระบบบริหารจัดการเนื้อหาเว็บไซต์ (CMS 4.0) เก่า', 'http://cms.coj.intra/gadmin', 'c4be9b47307415ceced9f18415ea150b.jpg', '2019-02-07 11:09:17', '2019-02-22 10:05:04'),
(15, 'ระบบจัดการเนื้อหาเว็บไซต์ (CMS) ใหม่', 'http://pkkjc.coj.go.th/admin/auth/login', '4fe99d410032fc3bfde136b3050f281a.jpg', '2019-02-07 11:17:49', '2019-02-22 10:04:54'),
(16, 'ระบบส่งข้อมูล คพ.', 'http://compensation.coj.intra/login.php', '158b91a92b24d5c87f3fcc16518244b4.jpg', '2019-02-21 14:19:09', '2019-09-02 08:55:36'),
(18, 'E-Mail (อีเมล์)', 'https://workd.go.th', 'ef992e7765e1c48a22d93b4d1e96d16a.jpg', '2019-02-25 09:31:04', '2022-12-20 12:00:03'),
(19, 'ระบบคำนวณอัตราค่าขึ้นศาล', 'https://fees.coj.go.th/', '64df6f2a0373b58ce14a4efeea8d4669.png', '2019-02-26 16:32:23', '2019-02-28 14:57:59'),
(20, 'COJ Video ตารางถ่ายทอด สัญญาณ ภาพเสียง Streamingชมเทปบันทึกภาพย้อนหลัง', 'http://video.coj.go.th/', 'f41daa2e1a18a90062e0c3d8f544c294.jpg', '2019-02-26 18:46:54', '2019-02-28 14:58:57'),
(21, 'ระบบค้นหาเขตอำนาจศาล.', 'https://pubdata.coj.go.th/jurisdiction/', 'dd2cd809bf608626ed8472bf66168b6c.jpg', '2019-02-26 18:47:21', '2019-02-28 15:03:57'),
(22, 'ระบบค้นหาอัตราค่า นำหมาย', 'http://exp.coj.go.th/sentnotice/', '93470837c27fa39e2a866a092fa01906.jpg', '2019-02-26 18:47:53', '2019-04-18 11:28:27'),
(23, 'แอปพลิเคชันสโตร์ ศาลยุติธรรม - App Store COJ', 'https://appstore.coj.go.th/', '39afae1c6ce2bcd3c64a45fce9c9f7a1.jpg', '2019-02-26 18:48:29', '2019-04-18 11:29:50'),
(24, 'โปรแกรมสำรวจข้อมูลอาคารที่ทำการศาลและบ้านพัก', 'http://jws.coj.intra/bds/views/frm_login.php', '84a5629c0fdcfaf8fe771059d0c5c5f9.jpg', '2019-02-26 18:49:06', '2019-02-28 15:05:42'),
(25, 'โปรแกรมรายงานผลการใช้จ่ายเงินสำนักงานศาลยุติธรร', 'http://jws.coj.intra/fris/', '0ce15f5be5b5c3665d8b6bf7a3f94a65.jpg', '2019-02-26 18:49:24', '2019-02-28 15:12:40'),
(26, 'โปรแกรมพิมพ์หนังสือรับรองการหักภาษี ณ ที่จ่าย', 'http://apps.coj.go.th/tax50/login.php', 'dd3ab04cd6b2c8fe48adcd71b8a9bfd7.jpg', '2019-02-26 18:49:43', '2019-04-18 11:27:41'),
(28, 'รายงานและติดตามผลการดำเนินงานตามนโยบายประธานศาลฎีกา', 'http://policy.coj.intra/', '800658fe98a10e3ff4a0f19ec523e6df.jpg', '2019-02-26 18:50:22', '2019-04-18 11:20:06'),
(29, 'ระบบรายงานการสืบหาหลักทรัพย์และการผ่อนชำระหนี้ของลูกหนี้ตามคำพิพากษา', 'http://jws.coj.intra/aiq/views/login.php', 'cc511f079a54a00344cbedb112562017.jpg', '2019-02-26 18:51:10', '2019-04-18 11:28:55'),
(30, 'ระบบขอย้ายข้าราชการศาลยุติธรรม', 'https://intranet.coj.go.th/relocation/', '99bc224b566df8c468a05e93787bac0d.jpg', '2019-02-26 18:51:29', '2019-04-18 11:25:43'),
(31, 'ระบบค้นหาทะเบียนนิติบุคคล', 'http://jws.coj.intra/cojws/', 'fa98b995c4427f90b5fd7b30ac84118c.jpg', '2019-02-26 18:51:45', '2019-04-18 11:25:00'),
(32, 'ระบบรับส่งเอกสารศาลฎีกา', 'http://senddoc.supremecourt.or.th', '5f5259d60d408d4e35fa86cfffe9797d.jpg', '2019-02-26 18:53:45', '2019-04-18 11:24:31'),
(33, 'การใช้ประโยชน์ข้อมูลทะเบียนราษฎร', 'http://10.100.76.4/ami/authen/authen_start.php', 'b31da5b073be30e56fb72a81f6f98206.jpg', '2019-02-26 18:54:11', '2019-03-11 14:43:58'),
(34, 'ระบบพิมพ์สลิปเงินเดือนข้าราชการตุลาการศาลยุติธรรม', 'http://www.psis.e-service.coj.go.th', '1fe8ab89687583bd5cc85d1986877ac4.jpg', '2019-02-26 18:54:28', '2019-04-03 14:29:28'),
(35, 'ระบบฐานข้อมูลกลาง', 'http://10.100.76.4/itdb/index.php/authentication', '9eb66664ab917ea6c547dcec5b3fe1f0.jpg', '2019-02-26 18:54:41', '2019-04-18 11:23:43'),
(36, 'ระบบรายงานสถิติการใช้งานระบบสื่อสารทางไกลผ่านจอภาพ', 'http://10.100.76.4/vcs/', 'b56fed33ef779b14d440127b6236fd3e.jpg', '2019-02-26 18:54:59', '2019-03-11 14:43:17'),
(37, 'โปรแกรมตรวจสอบนายประกันผิดสัญญา', 'http://jws.coj.intra/insurance/views/login.php', '8d21e8d911028e649cab370590d59a8c.jpg', '2019-02-26 18:55:13', '2019-02-28 14:57:15'),
(38, 'เข้าใช้งานระบบ ต่างๆ ของสำนักงานศาล', 'https://it.coj.go.th/Authen/', '0b0150da846030837d2240c8cca2a5db.jpg', '2019-02-26 18:55:33', '2019-03-11 14:42:38'),
(39, 'โปรแกรมระบบสารสนเทศทรัพยากรบุคคล (DPIS)', 'http://10.1.2.101:8080/', '2f8fa9e4d45dfd22160c5c3a62e5479d.jpg', '2019-02-26 18:55:47', '2019-03-11 14:41:48'),
(40, 'ระบบแจ้งการอ่านศาลฎีกา', 'http://read.supremecourt.or.th/', '1cdc742352a0acccd144c0cb88264f81.jpg', '2019-02-26 18:56:28', '2019-03-11 14:39:43'),
(41, 'บันทึกข้อมูลเพื่อการตรวจราชการ ประจำปีงบประมาณ pkkjc 307.022', 'http://jws.coj.intra/iss/views/frm_login.php', '333478e7be168fbda28f08dba7fc915b.jpg', '2019-02-26 18:56:47', '2022-11-16 11:25:55'),
(42, 'ระบบสารบรรณอิเล็กทรอนิกส์ ระยะ 2', 'http://e-office.coj.intra/ESB/', '5c31ba2c7340ac856fc46528eaf251d9.jpg', '2019-02-26 18:57:03', '2019-06-28 14:48:34'),
(44, 'โปรแกรมระบบงานฐานข้อมูลหมายจับ(AWIS)', 'http://sso.coj.intra/', 'f80cc7a2f8a21cca7450702f7edfb9d3.jpg', '2019-02-27 09:33:53', '2019-02-27 09:38:33'),
(45, 'Disk Error', 'https://www.partitionwizard.com/partitionmagic/disk-read-error.html', '', '2019-02-27 09:40:27', '2019-02-27 09:40:27'),
(46, 'ระบบติดตามสำนวนคดี Tracking System', 'https://cios.coj.go.th/tracking/index.php?page=form&host=pkkjc', '9f2e45da07c0a8283ea951951a7b1349.jpg', '2019-02-27 16:28:09', '2019-07-24 14:04:52'),
(47, 'ระบบบริหารจัดการลูกจ้างชั่วคราวและพนักงานราชการ Employee Management System', 'http://ems.coj.go.th/ems/index.php', 'ed2e9867dd002b0adb46ce5b818af61d.jpg', '2019-02-28 10:16:25', '2019-02-28 14:55:48'),
(48, 'ระบบรายงานคดีของศาลในภาค 7 (คดีค้าง)', 'http://10.37.0.1/intranet/clogin.php', 'a43c94ee4a497e389df743bdefaec95d.jpg', '2019-03-01 12:06:02', '2019-03-18 16:36:57'),
(49, 'intranet.coj.go.th', 'https://intranet.coj.go.th/', '726872bd4eacdea29ad8bc874da4dfc1.jpg', '2019-03-06 11:17:26', '2019-03-11 14:36:57'),
(50, 'GIN Conference สถานพินิจ ศูนย์ฝึก', 'https://www.ginconference.com/', '5f37e17b2105bf8df74e1fc75a8b5f2f.jpg', '2019-03-11 14:10:09', '2019-03-18 16:36:28'),
(51, 'ระยะทาง กรมทางหลวง (เบิกค่าเดินทาง)', 'http://dohgis.doh.go.th/dohtotravel/', '679275a7dd36016fbfe34ae3bb0d25ef.jpg', '2019-03-18 09:15:28', '2019-03-18 16:35:51'),
(52, 'สื่อศาล facebook', 'https://www.facebook.com/pr.coj/', '75315b082cd0087649b2fefc855a7729.jpg', '2019-03-20 13:22:05', '2019-03-20 13:22:31'),
(53, 'โปรแกรมการติดตามและรายงานผลหมายข้ามเขตทางอิเล็กทรอนิกส์', 'http://summons.coj.intra', '3feacd92238ab212f35d8f533f4525e6.jpg', '2019-03-21 12:46:21', '2019-03-21 12:46:21'),
(54, 'โปรแกรมบัญชีสำนักงานศาลยุติธรรม v.3', 'https://ac.coj.go.th/', '104408561949b3f14fb8100f71075f0a.jpg', '2019-04-01 13:46:20', '2019-04-18 09:32:24'),
(55, 'โปรแกรมทะเบียนทรัพย์สิน', 'https://assetws.coj.go.th/assetCoj/', 'df5c36224e4b9d91861398384a928c51.jpg', '2019-04-03 14:26:38', '2019-04-18 11:22:34'),
(56, 'ระบบสืบค้นข้อมูลคดีล้มละลายโดยระบบอิเล็กทรอนิคส์', 'http://www.cbc.e-service.coj.go.th/service', '3c74b28de0cd518dc0efb219c18c1ef8.jpg', '2019-04-03 14:27:00', '2019-04-18 11:22:03'),
(57, 'ตรวจสอบบุลคลล้มละลาย กรมบังคับคี', 'http://ledwebsite.led.go.th/ledweb/led/web/system/WEB1I010Action.do', '497478f0c949f7ec9bbf2dc2224c699a.jpg', '2019-04-03 14:27:19', '2019-04-18 11:21:20'),
(59, 'คำนวณระยะทาง GIS', 'http://gisweb.doh.go.th/doh/download/', '60f507123eb12118eb5927c96902444d.jpg', '2019-04-03 14:28:26', '2019-04-18 11:17:33'),
(61, 'โปรแกรมข้อมูลเงินฝาก', 'http://bookbank.coj.intra/login.php', '18f249caf387ee5df649c797eda135d2.jpg', '2019-04-05 10:47:16', '2019-04-18 11:16:58'),
(62, 'โปรแกรมบริหารจัดการฐานข้อมูลกลางคอมพิวเตอร์ ', 'http://10.100.76.4/itdb/index.php/', '2b8fb4aab9c24a438c68cd91d8654cb6.jpg', '2019-04-05 10:49:23', '2019-04-18 11:16:22'),
(63, 'ระบบรายงานสถิติ 7 วันอันตราย 2562', 'https://report.coj.go.th/', '5f5a8ef127c2c35e956d5888ba2b2cb9.jpg', '2019-04-10 15:18:44', '2019-04-18 11:15:44'),
(64, 'ระบบรายงานผลการให้บริการ ข้อมูลข่าวสารของหน่วยงานในสังกัด สำนักงานศาลยุติธรรม', 'http://cicsystem.coj.intra/infocenter/loginform.php', '4187a074b601ef84bea8528297a61017.jpg', '2019-04-23 10:30:26', '2019-04-23 10:30:26'),
(65, 'หนังสือเวียนสำนักงานศาลยุติธรรม', 'http://e-office.coj.intra/Circular', 'ee4d33f8a72098c7995fae5ac26eeea7.jpg', '2019-04-30 15:42:00', '2019-04-30 15:43:09'),
(66, 'แบบรายงานสถิติประจำเดือน ศูนย์รักษาความปลอดภัย www.ojso.coj.co.th', 'http://10.1.41.5/ojso/login.php', '039b8a4d53bdbd151eec7488f4d66c18.jpg', '2019-05-07 16:04:56', '2019-05-07 16:05:33'),
(67, 'ระบบฐานข้อมูลการประเมินผล การปฏิบัติราชการของศาลยุติธรรม (มิติ)', 'https://asm.coj.go.th/', '7235da9716d79c4e7e915271945b0e3f.jpg', '2019-05-22 11:27:38', '2019-05-22 13:17:51'),
(1561022564, 'การสมัครใช้งานระบบจดหมายอิเล็กทรอนิกส์ (e-Mail) สำนักงานศาลยุติธรรม (name@coj.go.th)', 'https://intranet.coj.go.th/email/', '7b574158255e75e007a664d6c144b869.jpg', '2019-06-20 16:22:44', '2019-06-20 16:22:44'),
(1561605936, 'gfmis online', 'https://webonlineinter.gfmis.go.th/', '6163cfd0eff3d60cc7b927aa17fee566.jpg', '2019-06-27 10:25:36', '2019-06-28 09:57:32'),
(1562130135, 'การรายงานผลตามแนวทางบริหารจัดการลดใช้กระดาษในหน่วยงาน', 'https://docs.google.com/forms/d/e/1FAIpQLSfEE8H64ongfP0579Bwoiyyn_y6c30PoUmDagYkAhn-B6na4Q/viewform', 'f25a3517a9238765132b2f8b0cd59dda.jpg', '2019-07-03 12:02:15', '2019-07-03 12:02:15'),
(1562552234, 'สมัครที่ปรึกษากฎหมาย จดแจ้ง', 'http://10.25.0.115/lcon/index.php', '08cef975523ddafa4b8a7707dea077c7.jpg', '2019-07-08 09:17:14', '2019-07-08 09:17:14'),
(1562658983, 'การพัฒนาทักษะด้านดิจิทัลของข้าราชการ ด้วยเครื่องมือประเมิน', 'https://www.ocsc.go.th/DLProject/dev-skill-dlp', 'e0eecebc4fbdf2ae9ac3f7f88c7d6abd.png', '2019-07-09 14:56:23', '2019-07-09 15:00:09'),
(1563166948, 'สถาบันพัฒนาข้าราชการฝ่ายตุลาการศาลยุติธรรม  e-learning ', 'http://elearning.coj.intra/', '7f13144254d12de00f1eb708909f4051.jpg', '2019-07-15 12:02:28', '2019-07-24 11:40:30'),
(1563521158, 'การรายงานแผนพัฒนารายบุคคล IDP รอบ 25 สิงหาคม 2562', 'https://goo.gl/forms/SxeCv9etO7IL7ApI3', '', '2019-07-19 14:25:58', '2019-07-19 14:25:58'),
(1563869824, 'Streaming Coj ดูสดและดูย้อนหลังได้นะ', 'http://live.coj.intra', 'f2628172fa2dfc286fa6a1639ec750b3.png', '2019-07-23 15:17:04', '2019-08-26 11:39:51'),
(1566804551, 'โปรแกรมสำนวนอิเล็กทรอนิกส์ Scanmaster version 2.0.0 (ติดตั้ง)', 'http://app.coj.intra/ecase/', '', '2019-08-26 14:29:11', '2019-09-02 09:04:59'),
(1567045964, 'โปรแกรมบังคับคดีนายประกัน สท', 'http://beds.coj.intra/BEDS', '904b7ccd038a4aa31a012e423404bcca.png', '2019-08-29 09:32:44', '2019-11-25 13:28:01'),
(1567389318, 'ระบบจัดเก็บข้อมูลค่าตอบแทนพิเศษข้าราชการศาลยุติธรรม (สำหรับหน่วยงาน)', 'http://compensation.coj.intra/organite/login.php', '85b14757cd69897236015fa3db82d125.png', '2019-09-02 08:55:18', '2019-09-02 08:55:18'),
(1567391049, 'โปรแกรมสแกนลายนิ้วมือ', 'http://app.coj.intra/wd/', '', '2019-09-02 09:24:09', '2019-09-02 09:24:09'),
(1568172199, 'ระบบบริหารสัญญาจ้างพนักงานจ้างเหมาบริการรายบุคคล Service Contractor Management System สำนักงานศาลยุติธรรม', 'http://ems.coj.go.th/scms/', '0c6b76e48b0ffa3ebc728ecadf7e16e7.jpg', '2019-09-11 10:23:19', '2019-09-11 10:23:19'),
(1569486513, 'แจ้งชำระเงิน EDC', 'https://docs.google.com/forms/d/1GRYSgGQNqomqgIGoz7dwRXjr_-aiNm7w-3ERoK6ohYw/edit#responses', '', '2019-09-26 15:28:33', '2019-09-26 16:08:12'),
(1571193590, 'Line OA', 'https://account.line.biz/login?redirectUri=https%3A%2F%2Fmanager.line.biz%2F', '', '2019-10-16 09:39:50', '2019-10-16 09:39:50'),
(1573786768, 'ระบบบริหารงานการเลื่อนและการโยกย้ายตำแหน่งข้าราชการตุลาการ', 'http://e-appointment.coj.go.th/', '6b8ed7b0727eee29e3eda5d34ae0cdfc.jpg', '2019-11-15 09:59:28', '2019-11-15 10:00:54'),
(1574134561, 'พนักงานคอม โปรแกรม ติดตั้ง nas', 'http://10.37.64.3:8080/share.cgi?ssid=00NuGE5', '', '2019-11-19 10:36:01', '2019-11-19 10:36:01'),
(1575337456, 'โปรแกรมระบบฐานข้อมูลคำสั่งห้ามออกนอกประเทศ', 'http://git.coj.intra/chalermchon.s/wlis_manual', '', '2019-12-03 08:44:16', '2019-12-03 08:44:16'),
(1575357791, 'ระบบสารสนเทศสำหรับผู้พิพากษา - Judicial Information System (JIS)', 'https://jis.coj.go.th/', 'e9099b658872cf2b467cfcbd4ae80477.png', '2019-12-03 14:23:11', '2019-12-03 14:23:11'),
(1576035096, 'หนังสือคู่มือมาตรฐานการใช้งานระบบอัตลักษณ์แบรนด์ศาลยุติธรรม และ Template สำหรับใช้งานโปรแกรม Presentation', 'https://iprd.coj.go.th/th/content/category/detail/id/8/iid/172706', '', '2019-12-11 10:31:36', '2019-12-11 10:31:36'),
(1576207374, 'โปรแกรมบันทึกข้อมูลแบบแจ้งรายการเพื่อการหักลดหย่อนภาษี(ล.ย.01) (สำหรับผู้พิพากษา)', 'https://das.coj.go.th/ly/', '3d435a448e5a60395a09cee04ecda1ac.jpg', '2019-12-13 10:22:54', '2019-12-13 10:23:25'),
(1578034774, 'ระบบบันทึกข้อมูลคดีสำคัญ', 'http://cdc.coj.intra/', '', '2020-01-03 13:59:34', '2020-01-03 13:59:34'),
(1578898514, 'โปรแกรมระบบสารสนเทศทรัพยากรบุคล DPIS', 'http://dpis.coj.intra:8080/', '', '2020-01-13 13:55:14', '2020-01-13 13:55:30'),
(1580178502, 'โปรแกรมให้บริการคัดถ่ายสำเนาคำพิพากษาผ่านเครื่องอัตโนมัติด้วยตัวเอง', 'https://drive.google.com/drive/u/0/mobile/folders/1Nf_As4HW62AhT26atbX2dcHzwJDkiPWZ?usp=sharing', '', '2020-01-28 09:28:22', '2020-01-28 09:28:22'),
(1583892730, 'ระบบประเมินบุคคลและรายงานการปฏิบัติราชการของข้าราชการตุลาการ', 'http://evaluation.coj.go.th/', '95939af6f95d2b800c709bc8c751800f.jpg', '2020-03-11 09:12:10', '2020-03-11 09:12:10'),
(1584339965, 'โปรแกรมส่งไฟส์เอกสาร ศาลอุทธรณ์คดีชำนัญพิเศษ pkkjc 307.022', 'http://10.20.80.99/sharedoc/', '', '2020-03-16 13:26:05', '2020-03-23 13:45:16'),
(1584590004, 'บัญชีนัดพิจารณาคดีผ่านระบบ google Sheet', 'https://docs.google.com/spreadsheets/d/1pVZSO60EI71MDP7u382Tg4LOowwx9EidDLIXhh-zKBI/edit?usp=sharing', '', '2020-03-19 10:53:24', '2020-03-19 10:53:24'),
(1584615513, 'ระบบจองคิวนัดประชุมทางจอภาพศาลเยาวชนและครอบครัวจังหวัดประจวบคีรีขันธ์', 'http://pkkjc.coj.go.th/th/content/category/detail/id/8/cid/4952/iid/185619', '', '2020-03-19 17:58:33', '2020-03-22 20:02:07'),
(1584679211, 'ระบบจัดเก็บข้อมูลในการบริหารสัญญาณเกี่ยวกับงานก่อสร้างหรืองานปรับปรุง', 'https://pms.coj.go.th/index.php?module=users/login', '0a2270eeeb46a10145f13756f8583010.jpg', '2020-03-20 11:40:11', '2020-03-20 11:40:11'),
(1585708211, 'รายงานปัญหาการออกหมายจับ', 'https://forms.gle/8VNibEKnM4mf1Kmy5', '', '2020-04-01 09:30:11', '2020-04-01 09:30:55'),
(1586399167, 'ระบบรายงานสถิติ ( สถานการณ์ฉุกเฉิน )', 'https://report.coj.go.th/emergency/', '', '2020-04-09 09:26:07', '2020-04-09 09:26:07'),
(1649662489, 'varias.co.th ลงชื่อ', 'https://varias.co.th/index.php/th/signsolution-th/', '40729c3431409a60980d90d876bfdad8.png', '2022-04-11 14:34:49', '2022-04-11 14:35:59'),
(1649735884, 'ตรวจสแกนสำนวน สำนวนอิเล็กทรอนิกส์', 'https://10.37.66.12/praxticol85-coj/', '69fe460b25a9fc180439d617c7e5e0c5.jpg', '2022-04-12 10:58:04', '2022-06-28 11:09:37'),
(1651023928, 'เบิกหมายฟรี', 'http://10.37.64.1/lu/may/', '', '2022-04-27 08:45:28', '2022-04-27 08:45:28'),
(1651114635, 'โครงการพัฒนาระบบฐานข้อมูลเพื่อเชื่อมโยงและตรวจสอบข้อมูลกับหน่วยงานภายนอก ระยะที่ 2', 'http://datalink.coj.intra/Default', '39c064e5b8f3c812c128f2cc4f5bbf1c.jpg', '2022-04-28 09:57:15', '2022-04-28 09:58:44'),
(1651547590, 'สถิติ e-notice', 'https://docs.google.com/forms/d/e/1FAIpQLSeHxtlMbLLzDKOiJTNoYWCQ_Lj20QVzuZF3yulCdUqB9Sashw/viewform', '5736c283e17ccc1d0e725a3925b55e2c.jpg', '2022-05-03 10:13:10', '2022-05-10 11:48:58'),
(1651567851, 'รายงานไกล่เกลี่ย', 'https://forms.gle/YcNUz4XU9RUJPAYN6', '', '2022-05-03 15:50:52', '2022-05-03 15:50:52'),
(1652158052, 'พิมพ์สลิปเงินเดือนข้าราชการศาลฯ', 'http://of.coj.intra/hr/', 'f66a9875e4c26e152c05691d06ca86b8.jpg', '2022-05-10 11:47:32', '2022-05-10 11:48:04'),
(1652760054, 'ติดตามสำนวน ศาลเยาวชนและครอบครัวจังหวัดประจวบคีรีขันธ์', 'http://10.37.64.1/service/webtest/trackcase/', '20f35146c05ef57724c1ff2ee49b54b0.jpg', '2022-05-17 11:00:54', '2022-06-07 15:28:27'),
(1653450849, 'ห้องประชุม พ.สมทบ (Meet)', 'https://meet.google.com/rcc-puyx-zni', 'f0b6ea97ae7f92f90c938f2fe1cc9250.png', '2022-05-25 10:54:09', '2022-05-25 15:07:55'),
(1653546820, 'Lingage Center เลขบัตร ', 'http://datalink.coj.intra/', '0fd0bebaa5f372c9ca8486a30ea74423.jpg', '2022-05-26 13:33:40', '2022-06-07 15:27:36'),
(1653620540, 'ระบบสำนวนบังคับคดีผู้ประกันในคดีอาญา  เลขบัตร พเยาว์900', 'http://10.100.76.243/beis/login', '55fb40176942a567df3967725d2544c8.jpg', '2022-05-27 10:02:20', '2022-06-07 15:26:55'),
(1655719195, 'ใบลอย', 'http://10.37.64.1/service/webtest/biloy/', '', '2022-06-20 16:59:55', '2022-06-20 16:59:55'),
(1657513387, 'ศาลยุติธรรมร่วมใจบริจาคโลหิตต่อชีวิตเพื่อนมนุษย์', 'http://sltg.coj.go.th?openExternalBrowser=1', '487bb4a5ad288c98115c8a5f729492f9.jpg', '2022-07-11 11:23:07', '2022-07-17 21:51:37'),
(1658729617, 'แบบสำรวจปัญหาอุปสรรคและข้อเสนอแนะเกี่ยวกับตัวชี้วัดฯ ประจำปีงบประมาณ พ.ศ. 2565', 'http://oja.coj.go.th/th/content/category/detail/id/8/cid/12982/iid/299086', '', '2022-07-25 13:13:37', '2022-07-25 13:13:37'),
(1659326275, 'แบบรายงานสถิติเกี่ยวกับการส่งหมายเรียกและคำฟ้อง ตั้งต้นคดีแก่จำเลย ณ ภูมิลำเนาหรือสำนักทำการงานของจำเลยนอกราชอาณาจักร', 'https://docs.google.com/forms/d/1z66fG-mDG67aa-qmcNwpdk0Tb7PfBl79f_t9js6n_D0/viewform?edit_requested=true', '', '2022-08-01 10:57:55', '2022-08-01 10:57:55'),
(1663037054, 'ระบบผัดฟ้องฝากขังทางไกลผ่านจอภาพ ระยะที่ 2', 'https://web.cvcs2.coj.go.th/', '8d74f890579585f11f324f5164658251.jpg', '2022-09-13 09:44:14', '2022-09-13 09:44:14'),
(1668497005, 'กิจกรรมขยับกายสบายจิต พิชิตโรค ประจำปีงบประมาณ พ.ศ. 2566  14 ธันวาคม 2565 เวลา 16.00 น. (GM) https://meet.google.com/yus-gecc-ejm', 'https://meet.google.com/yus-gecc-ejm', 'e20b1560e57e6befec0e801c257693f9.jpg', '2022-11-15 14:23:25', '2022-12-14 09:47:53'),
(1670298133, 'วิทยากรตัวคูณ  หัวข้อ \"การพัฒนาภาพลักษณ์ของศาลยุติธรรมในยุคที่เปลี่ยนแปลง\"  Google Meet ลิงก์วิดีโอคอล: https://meet.google.com/utx-xmmr-nmu', 'https://meet.google.com/utx-xmmr-nmu', '9fec8e4ebee68e37fae7559f23b13131.png', '2022-12-06 10:42:13', '2022-12-14 10:52:52'),
(1689834913, 'การใช้งานระบบการยื่น ส่ง และรับคำคู่ความและเอกสารผ่านระบบบริการออนไลน์ศาลยุติธรรม (Court Integral Online Service : CIOS)', 'https://meet.google.com/kcp-ffxf-ist', '8860505670d470a478fe7be25ec7ec90.jpg', '2023-07-20 13:35:13', '2023-07-20 14:09:54'),
(1690275463, 'Zoom โครงการปฏิบัติธรรม 993 6021 3959 pass 079281', 'https://zoom.us/j/99360213959?pwd=c3JodXlKL293MzZGdUJTd3gwRlZlUT09', 'c2f1c199f99964322a2def7076a237a1.jpg', '2023-07-25 15:57:43', '2023-07-25 16:00:05'),
(1690358347, 'ใบประกาศศาลเยาวชนและครอบครัวจังหวัวประจวบคีรีขันธ์', 'http://10.37.64.1/pkkjc_cert', '3aef08d38c76396c31e744df577789e3.jpg', '2023-07-26 14:59:07', '2023-07-26 15:40:25'),
(1690429635, 'หัวข้อ การยื่นฟ้องผ่านระบบบริการออนไลน์ศาลยุติธรรม (Court Integral Online Service : CIOS) ระบบงานฐานข้อมูลหมายจับ (AWIS)', 'http://meet.google.com/bhc-ybui-amo', '6ff7826e272005345f8deec1b30c0dae.png', '2023-07-27 10:47:15', '2023-07-27 12:08:24'),
(1691250752, 'โปรแกรมตอบปัญหา วันรพี', 'http://10.37.64.1/school_test/', '743319a2e638226a9ca20372839f5cf5.jpg', '2023-08-05 22:52:32', '2023-08-09 10:23:25'),
(1691547020, 'ระบบสำหรับรายงานประจำเดือน (งานไอที)', 'http://10.1.3.116/', '', '2023-08-09 09:10:20', '2023-08-09 09:10:20'),
(1691718409, 'ห้องประชุม ผู้พิพากษาสมทบ', 'https://meet.google.com/drk-cmof-pwa', '', '2023-08-11 08:46:49', '2023-08-15 10:42:26'),
(1692150219, 'เยาวชนกลาง เรื่อง พ.สมทบ', 'https://zoom.us/j/98927994352?pwd=YUFISGZMOXVSSjVxcTNZS1cyL0ZLUT09', '', '2023-08-16 08:43:39', '2023-08-16 08:43:39'),
(1692175030, 'วีดีทัส', 'https://www.canva.com/design/DAFruDsAcNo/5lluiDh0kR_LaIyuijWcnA/watch?utm_content=DAFruDsAcNo&utm_campaign=designshare&utm_medium=link&utm_source=publishsharelink', '', '2023-08-16 15:37:10', '2023-08-17 14:34:39'),
(1692583121, 'แบบประเมินผลการควบคุมภายใน', 'https://forms.gle/t2YdQJLLd5uATVCB6', '', '2023-08-21 08:58:41', '2023-08-21 08:58:41'),
(1693195396, '29-08-66 ประชุมเชิงปฏิบัติการกรพัฒนาศักยภาพกรพิจารณาพิพากษาคดีในศาลเยาวขน และครอบครัว ผ่านสื่ออิเล็กทรอนิกส์ zoom : 990 3168 0866 Passcode : 487171', 'https://zoom.us/j/99031680866?pwd=Wm84Z3RyWjRLTHBLNURGK3d3NkdqZz09', '', '2023-08-28 11:03:16', '2023-08-29 08:08:17');

-- --------------------------------------------------------

--
-- Table structure for table `web_link_file`
--

CREATE TABLE `web_link_file` (
  `id` int(11) NOT NULL,
  `web_link_id` int(11) NOT NULL,
  `name` varchar(255) COLLATE utf8_unicode_ci DEFAULT NULL,
  `url` varchar(255) COLLATE utf8_unicode_ci DEFAULT NULL,
  `type` varchar(255) COLLATE utf8_unicode_ci DEFAULT NULL,
  `file` varchar(255) COLLATE utf8_unicode_ci DEFAULT NULL,
  `sort` int(11) DEFAULT NULL
) ENGINE=InnoDB DEFAULT CHARSET=utf8 COLLATE=utf8_unicode_ci;

--
-- Indexes for dumped tables
--

--
-- Indexes for table `bila`
--
ALTER TABLE `bila`
  ADD PRIMARY KEY (`id`);

--
-- Indexes for table `dep`
--
ALTER TABLE `dep`
  ADD PRIMARY KEY (`id`);

--
-- Indexes for table `fname`
--
ALTER TABLE `fname`
  ADD PRIMARY KEY (`id`);

--
-- Indexes for table `group`
--
ALTER TABLE `group`
  ADD PRIMARY KEY (`id`);

--
-- Indexes for table `line`
--
ALTER TABLE `line`
  ADD PRIMARY KEY (`id`);

--
-- Indexes for table `line_home`
--
ALTER TABLE `line_home`
  ADD PRIMARY KEY (`id`);

--
-- Indexes for table `ppss`
--
ALTER TABLE `ppss`
  ADD PRIMARY KEY (`id`);

--
-- Indexes for table `profile`
--
ALTER TABLE `profile`
  ADD PRIMARY KEY (`id`),
  ADD UNIQUE KEY `user_id` (`user_id`);

--
-- Indexes for table `running`
--
ALTER TABLE `running`
  ADD PRIMARY KEY (`id`);

--
-- Indexes for table `sign_boss_name`
--
ALTER TABLE `sign_boss_name`
  ADD PRIMARY KEY (`id`);

--
-- Indexes for table `user`
--
ALTER TABLE `user`
  ADD PRIMARY KEY (`id`),
  ADD UNIQUE KEY `username` (`username`),
  ADD UNIQUE KEY `password_reset_token` (`password_reset_token`);

--
-- Indexes for table `ven`
--
ALTER TABLE `ven`
  ADD PRIMARY KEY (`id`) USING BTREE;

--
-- Indexes for table `ven_change`
--
ALTER TABLE `ven_change`
  ADD PRIMARY KEY (`id`) USING BTREE;

--
-- Indexes for table `ven_com`
--
ALTER TABLE `ven_com`
  ADD PRIMARY KEY (`id`) USING BTREE;

--
-- Indexes for table `ven_name`
--
ALTER TABLE `ven_name`
  ADD PRIMARY KEY (`id`) USING BTREE;

--
-- Indexes for table `ven_name_sub`
--
ALTER TABLE `ven_name_sub`
  ADD PRIMARY KEY (`id`) USING BTREE;

--
-- Indexes for table `ven_user`
--
ALTER TABLE `ven_user`
  ADD PRIMARY KEY (`vu_id`) USING BTREE;

--
-- Indexes for table `web_link`
--
ALTER TABLE `web_link`
  ADD PRIMARY KEY (`id`);

--
-- Indexes for table `web_link_file`
--
ALTER TABLE `web_link_file`
  ADD PRIMARY KEY (`id`);

--
-- AUTO_INCREMENT for dumped tables
--

--
-- AUTO_INCREMENT for table `bila`
--
ALTER TABLE `bila`
  MODIFY `id` int(11) NOT NULL AUTO_INCREMENT, AUTO_INCREMENT=1693289579;

--
-- AUTO_INCREMENT for table `dep`
--
ALTER TABLE `dep`
  MODIFY `id` int(11) NOT NULL AUTO_INCREMENT, AUTO_INCREMENT=24;

--
-- AUTO_INCREMENT for table `fname`
--
ALTER TABLE `fname`
  MODIFY `id` int(11) NOT NULL AUTO_INCREMENT, AUTO_INCREMENT=7;

--
-- AUTO_INCREMENT for table `group`
--
ALTER TABLE `group`
  MODIFY `id` int(11) NOT NULL AUTO_INCREMENT, AUTO_INCREMENT=9;

--
-- AUTO_INCREMENT for table `line`
--
ALTER TABLE `line`
  MODIFY `id` int(11) NOT NULL AUTO_INCREMENT, AUTO_INCREMENT=40;

--
-- AUTO_INCREMENT for table `line_home`
--
ALTER TABLE `line_home`
  MODIFY `id` int(11) NOT NULL AUTO_INCREMENT, AUTO_INCREMENT=4;

--
-- AUTO_INCREMENT for table `ppss`
--
ALTER TABLE `ppss`
  MODIFY `id` int(11) NOT NULL AUTO_INCREMENT, AUTO_INCREMENT=10;

--
-- AUTO_INCREMENT for table `running`
--
ALTER TABLE `running`
  MODIFY `id` int(11) NOT NULL AUTO_INCREMENT, AUTO_INCREMENT=11;

--
-- AUTO_INCREMENT for table `sign_boss_name`
--
ALTER TABLE `sign_boss_name`
  MODIFY `id` int(11) NOT NULL AUTO_INCREMENT, AUTO_INCREMENT=17;

--
-- AUTO_INCREMENT for table `user`
--
ALTER TABLE `user`
  MODIFY `id` int(11) NOT NULL AUTO_INCREMENT, AUTO_INCREMENT=1689822100;

--
-- AUTO_INCREMENT for table `ven`
--
ALTER TABLE `ven`
  MODIFY `id` int(11) NOT NULL AUTO_INCREMENT;

--
-- AUTO_INCREMENT for table `ven_com`
--
ALTER TABLE `ven_com`
  MODIFY `id` int(11) NOT NULL AUTO_INCREMENT;

--
-- AUTO_INCREMENT for table `ven_name`
--
ALTER TABLE `ven_name`
  MODIFY `id` int(11) NOT NULL AUTO_INCREMENT, AUTO_INCREMENT=27;

--
-- AUTO_INCREMENT for table `ven_name_sub`
--
ALTER TABLE `ven_name_sub`
  MODIFY `id` int(11) NOT NULL AUTO_INCREMENT, AUTO_INCREMENT=112;

--
-- AUTO_INCREMENT for table `ven_user`
--
ALTER TABLE `ven_user`
  MODIFY `vu_id` int(11) NOT NULL AUTO_INCREMENT, AUTO_INCREMENT=371;

--
-- AUTO_INCREMENT for table `web_link`
--
ALTER TABLE `web_link`
  MODIFY `id` int(11) NOT NULL AUTO_INCREMENT, AUTO_INCREMENT=1693195397;

--
-- AUTO_INCREMENT for table `web_link_file`
--
ALTER TABLE `web_link_file`
  MODIFY `id` int(11) NOT NULL AUTO_INCREMENT;
COMMIT;

/*!40101 SET CHARACTER_SET_CLIENT=@OLD_CHARACTER_SET_CLIENT */;
/*!40101 SET CHARACTER_SET_RESULTS=@OLD_CHARACTER_SET_RESULTS */;
/*!40101 SET COLLATION_CONNECTION=@OLD_COLLATION_CONNECTION */;
